{
    "data":[
        {"id":"01","itemName":"リンゴ","price":"50","storage":"2000","pic":"./img/pinguo.jpg","szk":"生产部1","detail":"方式对我问佛欧文人家germ共模"},
        {"id":"02","itemName":"バナナ","price":"500","storage":"1500","pic":"./img/xiangjiao.jpg","szk":"生产部2","detail":"方fsdfsdfsdfsdf文人家germ共模"},
        {"id":"03","itemName":"いちご","price":"50","storage":"2000","pic":"./img/caomei.jpg","szk":"生产部1","detail":"方式对我家germ共模"},
        {"id":"04","itemName":"もも","price":"50","storage":"2000","pic":"./img/taozi.jpg","szk":"生产部1","detail":"问佛欧文人"},
        {"id":"05","itemName":"みかん","price":"50","storage":"2000","pic":"./img/juzi.jpg","szk":"生产部1","detail":"佛欧文人家g方m共模式对我问er"},
        {"id":"06","itemName":"スイカ","price":"50","storage":"2000","pic":"./img/xigua.jpg","szk":"生产部1","detail":"家germ共模方式对我问佛欧文人"}
    ]
}