<?xml version="1.0" encoding="UTF-8"?>
<!DOCTYPE mapper PUBLIC "-//mybatis.org//DTD Mapper 3.0//EN" "http://mybatis.org/dtd/mybatis-3-mapper.dtd">
<mapper namespace="ja.zenchu.assenhin.entity.mapper.AToujitsuHassosakiMapper">
  <resultMap id="BaseResultMap" type="ja.zenchu.assenhin.entity.AToujitsuHassosaki">
    <!--
      WARNING - @mbg.generated
      This element is automatically generated by MyBatis Generator, do not modify.
      This element was generated on Tue Nov 24 11:40:46 JST 2020.
    -->
    <id column="TORIHIKISAKI_CD" jdbcType="NUMERIC" property="torihikisakiCd" />
    <result column="NYURYOKUSHA_CD" jdbcType="NUMERIC" property="nyuryokushaCd" />
    <result column="NYURYOKUSHA_NAME" jdbcType="VARCHAR" property="nyuryokushaName" />
    <result column="TANTO_BUSHO" jdbcType="VARCHAR" property="tantoBusho" />
    <result column="TANTOSHA" jdbcType="VARCHAR" property="tantosha" />
    <result column="THUMONSHA_CD" jdbcType="NUMERIC" property="thumonshaCd" />
    <result column="THUMONSHA_NAME" jdbcType="VARCHAR" property="thumonshaName" />
    <result column="HASSOSAKI_CD" jdbcType="NUMERIC" property="hassosakiCd" />
    <result column="HASSOSAKI_NAME" jdbcType="VARCHAR" property="hassosakiName" />
    <result column="HASSOSAKI_BUSHO" jdbcType="VARCHAR" property="hassosakiBusho" />
    <result column="YUBIN_NUM" jdbcType="VARCHAR" property="yubinNum" />
    <result column="ADDRESS" jdbcType="VARCHAR" property="address" />
    <result column="TEL_NUM" jdbcType="VARCHAR" property="telNum" />
    <result column="VERSION" jdbcType="NUMERIC" property="version" />
  </resultMap>
  <sql id="Base_Column_List">
    <!--
      WARNING - @mbg.generated
      This element is automatically generated by MyBatis Generator, do not modify.
      This element was generated on Tue Nov 24 11:40:46 JST 2020.
    -->
    TORIHIKISAKI_CD, NYURYOKUSHA_CD, NYURYOKUSHA_NAME, TANTO_BUSHO, TANTOSHA, THUMONSHA_CD, 
    THUMONSHA_NAME, HASSOSAKI_CD, HASSOSAKI_NAME, HASSOSAKI_BUSHO, YUBIN_NUM, ADDRESS, 
    TEL_NUM, VERSION
  </sql>
  <select id="selectByPrimaryKey" parameterType="java.lang.Integer" resultMap="BaseResultMap">
    <!--
      WARNING - @mbg.generated
      This element is automatically generated by MyBatis Generator, do not modify.
      This element was generated on Tue Nov 24 11:40:46 JST 2020.
    -->
    select 
    <include refid="Base_Column_List" />
    from A_TOUJITSU_HASSOSAKI
    where TORIHIKISAKI_CD = #{torihikisakiCd,jdbcType=NUMERIC}
  </select>
  <delete id="deleteByPrimaryKey" parameterType="java.lang.Integer">
    <!--
      WARNING - @mbg.generated
      This element is automatically generated by MyBatis Generator, do not modify.
      This element was generated on Tue Nov 24 11:40:46 JST 2020.
    -->
    delete from A_TOUJITSU_HASSOSAKI
    where TORIHIKISAKI_CD = #{torihikisakiCd,jdbcType=NUMERIC}
  </delete>
  <insert id="insert" parameterType="ja.zenchu.assenhin.entity.AToujitsuHassosaki">
    <!--
      WARNING - @mbg.generated
      This element is automatically generated by MyBatis Generator, do not modify.
      This element was generated on Tue Nov 24 11:40:46 JST 2020.
    -->
    insert into A_TOUJITSU_HASSOSAKI (TORIHIKISAKI_CD, NYURYOKUSHA_CD, NYURYOKUSHA_NAME, 
      TANTO_BUSHO, TANTOSHA, THUMONSHA_CD, 
      THUMONSHA_NAME, HASSOSAKI_CD, HASSOSAKI_NAME, 
      HASSOSAKI_BUSHO, YUBIN_NUM, ADDRESS, 
      TEL_NUM, VERSION)
    values (#{torihikisakiCd,jdbcType=NUMERIC}, #{nyuryokushaCd,jdbcType=NUMERIC}, #{nyuryokushaName,jdbcType=VARCHAR}, 
      #{tantoBusho,jdbcType=VARCHAR}, #{tantosha,jdbcType=VARCHAR}, #{thumonshaCd,jdbcType=NUMERIC}, 
      #{thumonshaName,jdbcType=VARCHAR}, #{hassosakiCd,jdbcType=NUMERIC}, #{hassosakiName,jdbcType=VARCHAR}, 
      #{hassosakiBusho,jdbcType=VARCHAR}, #{yubinNum,jdbcType=VARCHAR}, #{address,jdbcType=VARCHAR}, 
      #{telNum,jdbcType=VARCHAR}, #{version,jdbcType=NUMERIC})
  </insert>
  <insert id="insertSelective" parameterType="ja.zenchu.assenhin.entity.AToujitsuHassosaki">
    <!--
      WARNING - @mbg.generated
      This element is automatically generated by MyBatis Generator, do not modify.
      This element was generated on Tue Nov 24 11:40:46 JST 2020.
    -->
    insert into A_TOUJITSU_HASSOSAKI
    <trim prefix="(" suffix=")" suffixOverrides=",">
      <if test="torihikisakiCd != null">
        TORIHIKISAKI_CD,
      </if>
      <if test="nyuryokushaCd != null">
        NYURYOKUSHA_CD,
      </if>
      <if test="nyuryokushaName != null">
        NYURYOKUSHA_NAME,
      </if>
      <if test="tantoBusho != null">
        TANTO_BUSHO,
      </if>
      <if test="tantosha != null">
        TANTOSHA,
      </if>
      <if test="thumonshaCd != null">
        THUMONSHA_CD,
      </if>
      <if test="thumonshaName != null">
        THUMONSHA_NAME,
      </if>
      <if test="hassosakiCd != null">
        HASSOSAKI_CD,
      </if>
      <if test="hassosakiName != null">
        HASSOSAKI_NAME,
      </if>
      <if test="hassosakiBusho != null">
        HASSOSAKI_BUSHO,
      </if>
      <if test="yubinNum != null">
        YUBIN_NUM,
      </if>
      <if test="address != null">
        ADDRESS,
      </if>
      <if test="telNum != null">
        TEL_NUM,
      </if>
      <if test="version != null">
        VERSION,
      </if>
    </trim>
    <trim prefix="values (" suffix=")" suffixOverrides=",">
      <if test="torihikisakiCd != null">
        #{torihikisakiCd,jdbcType=NUMERIC},
      </if>
      <if test="nyuryokushaCd != null">
        #{nyuryokushaCd,jdbcType=NUMERIC},
      </if>
      <if test="nyuryokushaName != null">
        #{nyuryokushaName,jdbcType=VARCHAR},
      </if>
      <if test="tantoBusho != null">
        #{tantoBusho,jdbcType=VARCHAR},
      </if>
      <if test="tantosha != null">
        #{tantosha,jdbcType=VARCHAR},
      </if>
      <if test="thumonshaCd != null">
        #{thumonshaCd,jdbcType=NUMERIC},
      </if>
      <if test="thumonshaName != null">
        #{thumonshaName,jdbcType=VARCHAR},
      </if>
      <if test="hassosakiCd != null">
        #{hassosakiCd,jdbcType=NUMERIC},
      </if>
      <if test="hassosakiName != null">
        #{hassosakiName,jdbcType=VARCHAR},
      </if>
      <if test="hassosakiBusho != null">
        #{hassosakiBusho,jdbcType=VARCHAR},
      </if>
      <if test="yubinNum != null">
        #{yubinNum,jdbcType=VARCHAR},
      </if>
      <if test="address != null">
        #{address,jdbcType=VARCHAR},
      </if>
      <if test="telNum != null">
        #{telNum,jdbcType=VARCHAR},
      </if>
      <if test="version != null">
        #{version,jdbcType=NUMERIC},
      </if>
    </trim>
  </insert>
  <update id="updateByPrimaryKeySelective" parameterType="ja.zenchu.assenhin.entity.AToujitsuHassosaki">
    <!--
      WARNING - @mbg.generated
      This element is automatically generated by MyBatis Generator, do not modify.
      This element was generated on Tue Nov 24 11:40:46 JST 2020.
    -->
    update A_TOUJITSU_HASSOSAKI
    <set>
      <if test="nyuryokushaCd != null">
        NYURYOKUSHA_CD = #{nyuryokushaCd,jdbcType=NUMERIC},
      </if>
      <if test="nyuryokushaName != null">
        NYURYOKUSHA_NAME = #{nyuryokushaName,jdbcType=VARCHAR},
      </if>
      <if test="tantoBusho != null">
        TANTO_BUSHO = #{tantoBusho,jdbcType=VARCHAR},
      </if>
      <if test="tantosha != null">
        TANTOSHA = #{tantosha,jdbcType=VARCHAR},
      </if>
      <if test="thumonshaCd != null">
        THUMONSHA_CD = #{thumonshaCd,jdbcType=NUMERIC},
      </if>
      <if test="thumonshaName != null">
        THUMONSHA_NAME = #{thumonshaName,jdbcType=VARCHAR},
      </if>
      <if test="hassosakiCd != null">
        HASSOSAKI_CD = #{hassosakiCd,jdbcType=NUMERIC},
      </if>
      <if test="hassosakiName != null">
        HASSOSAKI_NAME = #{hassosakiName,jdbcType=VARCHAR},
      </if>
      <if test="hassosakiBusho != null">
        HASSOSAKI_BUSHO = #{hassosakiBusho,jdbcType=VARCHAR},
      </if>
      <if test="yubinNum != null">
        YUBIN_NUM = #{yubinNum,jdbcType=VARCHAR},
      </if>
      <if test="address != null">
        ADDRESS = #{address,jdbcType=VARCHAR},
      </if>
      <if test="telNum != null">
        TEL_NUM = #{telNum,jdbcType=VARCHAR},
      </if>
      <if test="version != null">
        VERSION = #{version,jdbcType=NUMERIC},
      </if>
    </set>
    where TORIHIKISAKI_CD = #{torihikisakiCd,jdbcType=NUMERIC}
  </update>
  <update id="updateByPrimaryKey" parameterType="ja.zenchu.assenhin.entity.AToujitsuHassosaki">
    <!--
      WARNING - @mbg.generated
      This element is automatically generated by MyBatis Generator, do not modify.
      This element was generated on Tue Nov 24 11:40:46 JST 2020.
    -->
    update A_TOUJITSU_HASSOSAKI
    set NYURYOKUSHA_CD = #{nyuryokushaCd,jdbcType=NUMERIC},
      NYURYOKUSHA_NAME = #{nyuryokushaName,jdbcType=VARCHAR},
      TANTO_BUSHO = #{tantoBusho,jdbcType=VARCHAR},
      TANTOSHA = #{tantosha,jdbcType=VARCHAR},
      THUMONSHA_CD = #{thumonshaCd,jdbcType=NUMERIC},
      THUMONSHA_NAME = #{thumonshaName,jdbcType=VARCHAR},
      HASSOSAKI_CD = #{hassosakiCd,jdbcType=NUMERIC},
      HASSOSAKI_NAME = #{hassosakiName,jdbcType=VARCHAR},
      HASSOSAKI_BUSHO = #{hassosakiBusho,jdbcType=VARCHAR},
      YUBIN_NUM = #{yubinNum,jdbcType=VARCHAR},
      ADDRESS = #{address,jdbcType=VARCHAR},
      TEL_NUM = #{telNum,jdbcType=VARCHAR},
      VERSION = #{version,jdbcType=NUMERIC}
    where TORIHIKISAKI_CD = #{torihikisakiCd,jdbcType=NUMERIC}
  </update>
    <update id="updateHassosaki" parameterType="ja.zenchu.assenhin.entity.AToujitsuHassosaki">
    update A_TOUJITSU_HASSOSAKI
    set NYURYOKUSHA_CD = #{nyuryokushaCd,jdbcType=NUMERIC},
      NYURYOKUSHA_NAME = #{nyuryokushaName,jdbcType=VARCHAR},
      TANTO_BUSHO = #{tantoBusho,jdbcType=VARCHAR},
      TANTOSHA = #{tantosha,jdbcType=VARCHAR},
      THUMONSHA_CD = #{thumonshaCd,jdbcType=NUMERIC},
      THUMONSHA_NAME = #{thumonshaName,jdbcType=VARCHAR},
      HASSOSAKI_CD = #{hassosakiCd,jdbcType=NUMERIC},
      HASSOSAKI_NAME = #{hassosakiName,jdbcType=VARCHAR},
      HASSOSAKI_BUSHO = #{hassosakiBusho,jdbcType=VARCHAR},
      YUBIN_NUM = #{yubinNum,jdbcType=VARCHAR},
      ADDRESS = #{address,jdbcType=VARCHAR},
      TEL_NUM = #{telNum,jdbcType=VARCHAR},
      VERSION = VERSION + 1
    where TORIHIKISAKI_CD = #{torihikisakiCd,jdbcType=NUMERIC} and VERSION = #{version,jdbcType=NUMERIC}
  </update>
  <select id="countHassosakiWork" resultType="int">
    select count(TORIHIKISAKI_CD) from A_TOUJITSU_HASSOSAKI where TORIHIKISAKI_CD = #{torihikisakiCd,jdbcType=NUMERIC}
  </select>
</mapper>