<?xml version="1.0" encoding="UTF-8"?>
<!DOCTYPE mapper PUBLIC "-//mybatis.org//DTD Mapper 3.0//EN" "http://mybatis.org/dtd/mybatis-3-mapper.dtd">

<mapper namespace="com.example.mapper.BuyUserListsMapper">
    <resultMap id="BaseResultMap" type="com.example.entity.AddInfo">

    </resultMap>
    <select id="SelectAuto"  resultType="com.example.entity.AddInfo">
        select * from addressinfo where user_id = #{key} or address_id = #{key}
    </select>
    <select id="SelectForUser"  resultType="com.example.entity.AddInfo">
        select * from addressinfo where user_name like '%'||#{key}||'%'
    </select>
    <select id="SelectForAdd"  resultType="com.example.entity.AddInfo">
        select * from addressinfo where address_name like '%'||#{key}||'%'
    </select>
</mapper>