<?xml version="1.0" encoding="UTF-8"?>
<!DOCTYPE mapper PUBLIC "-//mybatis.org//DTD Mapper 3.0//EN" "http://mybatis.org/dtd/mybatis-3-mapper.dtd">

<mapper namespace="com.example.mapper.WorkTableMapper">
    <resultMap id="BaseResultMap" type="com.example.entity.WorkTable">

    </resultMap>
    <select id="SelectForList"  resultType="com.example.entity.WorkTable">
        select a.storage,b.id,b.itemName,b.detail,b.szk,b.jungle,b.price,b.pic,b.count from goods a,workTable b where a.id=b.id and user_id = #{user_id}
    </select>
    <select id="SelectForCount" resultType="java.lang.Integer">
        select count(id) from workTable where user_id = #{id}
    </select>
    <delete id="DeleteItem">
        delete from workTable where id = #{id}
    </delete>
    <update id="UpdateItem" parameterType="com.example.entity.WorkTable">
        UPDATE workTable SET count = #{count} WHERE id = #{id}
    </update>
    <update id="InseretItem" parameterType="com.example.entity.WorkTable">
        inseret into workTable values
    </update>    
</mapper>
