<?xml version="1.0" encoding="UTF-8"?>
<!DOCTYPE mapper PUBLIC "-//mybatis.org//DTD Mapper 3.0//EN" "http://mybatis.org/dtd/mybatis-3-mapper.dtd">

<mapper namespace="com.example.mapper.DetailMapper">
    <resultMap id="BaseResultMap" type="com.example.entity.Detail">

    </resultMap>
    <select id="SelectForDetail"  resultType="com.example.entity.Detail">
        select * from goods where id = #{id}
    </select>
    <select id="SelectForStorage" resultType="com.example.entity.Storage">
        select id,storage from goods where id = #{id}
    </select>
    <insert id="InsertCart">
    	insert into workTable(id,itemName,storage,detail,szk,jungle,price,pic,count) values(#{id},#{itemName},#{storage},#{detail},#{szk},#{jungle},#{price},#{pic},#{count})
    </insert>
</mapper>
