<?xml version="1.0" encoding="UTF-8"?>
<!DOCTYPE mapper PUBLIC "-//mybatis.org//DTD Mapper 3.0//EN" "http://mybatis.org/dtd/mybatis-3-mapper.dtd">

<mapper namespace="com.example.mapper.IndexListMapper">
    <resultMap id="BaseResultMap" type="com.example.entity.IndexLists">

    </resultMap>
    <select id="SelectForList"  resultType="com.example.entity.IndexLists">
        select * from goods where itemName like '%'||#{key}||'%' or jungle = #{key}
    </select>
   	<select id="SelectForSortDesc"  resultType="com.example.entity.IndexLists">
        select * from goods where itemName like '%'||#{key}||'%' or jungle = #{key} order by price DESC
    </select>
    <select id="SelectForSortAsc"  resultType="com.example.entity.IndexLists">
        select * from goods where itemName like '%'||#{key}||'%' or jungle = #{key} order by price ASC
    </select>
</mapper>