<?xml version="1.0" encoding="UTF-8"?>
<!DOCTYPE mapper PUBLIC "-//mybatis.org//DTD Mapper 3.0//EN" "http://mybatis.org/dtd/mybatis-3-mapper.dtd">
<mapper namespace="ja.zenchu.assenhin.entity.mapper.AJuhattyuMapper">
  <resultMap id="BaseResultMap" type="ja.zenchu.assenhin.entity.AJuhattyu">
    <!--
      WARNING - @mbg.generated
      This element is automatically generated by MyBatis Generator, do not modify.
      This element was generated on Tue Nov 10 18:35:52 JST 2020.
    -->
    <id column="NENDO" jdbcType="NUMERIC" property="nendo" />
    <id column="JUHATTYU_CD" jdbcType="NUMERIC" property="juhattyuCd" />
    <result column="HATTYUMOTO_CD" jdbcType="NUMERIC" property="hattyumotoCd" />
    <result column="TANTO_BUSHO" jdbcType="VARCHAR" property="tantoBusho" />
    <result column="TANTOSHA" jdbcType="VARCHAR" property="tantosha" />
    <result column="UKEIRE_KYOKYU_CLS" jdbcType="NUMERIC" property="ukeireKyokyuCls" />
    <result column="JUHATTYUBI" jdbcType="TIMESTAMP" property="juhattyubi" />
    <result column="NYURYOKUSHA_CD" jdbcType="NUMERIC" property="nyuryokushaCd" />
    <result column="KIHYO_CLS" jdbcType="VARCHAR" property="kihyoCls" />
    <result column="SYUKKO_FLAG" jdbcType="NUMERIC" property="syukkoFlag" />
    <result column="TTEL_NUM" jdbcType="VARCHAR" property="ttelNum" />
    <result column="DELETE_FLAG" jdbcType="NUMERIC" property="deleteFlag" />
    <result column="VERSION" jdbcType="NUMERIC" property="version" />
    <result column="SOURYOU" jdbcType="NUMERIC" property="souryou" />
  </resultMap>
  <sql id="Base_Column_List">
    <!--
      WARNING - @mbg.generated
      This element is automatically generated by MyBatis Generator, do not modify.
      This element was generated on Tue Nov 10 18:35:52 JST 2020.
    -->
    NENDO, JUHATTYU_CD, HATTYUMOTO_CD, TANTO_BUSHO, TANTOSHA, UKEIRE_KYOKYU_CLS, JUHATTYUBI, 
    NYURYOKUSHA_CD, KIHYO_CLS, SYUKKO_FLAG, TTEL_NUM, DELETE_FLAG, VERSION, SOURYOU
  </sql>
  <select id="selectByPrimaryKey" parameterType="ja.zenchu.assenhin.entity.AJuhattyuKey" resultMap="BaseResultMap">
    <!--
      WARNING - @mbg.generated
      This element is automatically generated by MyBatis Generator, do not modify.
      This element was generated on Tue Nov 10 18:35:52 JST 2020.
    -->
    select 
    <include refid="Base_Column_List" />
    from A_JUHATTYU
    where NENDO = #{nendo,jdbcType=NUMERIC}
      and JUHATTYU_CD = #{juhattyuCd,jdbcType=NUMERIC}
  </select>

  <insert id="insert" parameterType="ja.zenchu.assenhin.entity.AJuhattyu">
    <!--
      WARNING - @mbg.generated
      This element is automatically generated by MyBatis Generator, do not modify.
      This element was generated on Tue Nov 10 18:35:52 JST 2020.
    -->
    insert into A_JUHATTYU (NENDO, JUHATTYU_CD, HATTYUMOTO_CD, 
      TANTO_BUSHO, TANTOSHA, UKEIRE_KYOKYU_CLS, 
      JUHATTYUBI, NYURYOKUSHA_CD, KIHYO_CLS, 
      SYUKKO_FLAG, TTEL_NUM, DELETE_FLAG, 
      VERSION, SOURYOU)
    values (#{nendo,jdbcType=NUMERIC}, #{juhattyuCd,jdbcType=NUMERIC}, #{hattyumotoCd,jdbcType=NUMERIC}, 
      #{tantoBusho,jdbcType=VARCHAR}, #{tantosha,jdbcType=VARCHAR}, #{ukeireKyokyuCls,jdbcType=NUMERIC}, 
      #{juhattyubi,jdbcType=TIMESTAMP}, #{nyuryokushaCd,jdbcType=NUMERIC}, #{kihyoCls,jdbcType=VARCHAR}, 
      #{syukkoFlag,jdbcType=NUMERIC}, #{ttelNum,jdbcType=VARCHAR}, #{deleteFlag,jdbcType=NUMERIC}, 
      #{version,jdbcType=NUMERIC}, #{souryou,jdbcType=NUMERIC})
  </insert>
  <insert id="insertSelective" parameterType="ja.zenchu.assenhin.entity.AJuhattyu">
    <!--
      WARNING - @mbg.generated
      This element is automatically generated by MyBatis Generator, do not modify.
      This element was generated on Tue Nov 10 18:35:52 JST 2020.
    -->
    insert into A_JUHATTYU
    <trim prefix="(" suffix=")" suffixOverrides=",">
      <if test="nendo != null">
        NENDO,
      </if>
      <if test="juhattyuCd != null">
        JUHATTYU_CD,
      </if>
      <if test="hattyumotoCd != null">
        HATTYUMOTO_CD,
      </if>
      <if test="tantoBusho != null">
        TANTO_BUSHO,
      </if>
      <if test="tantosha != null">
        TANTOSHA,
      </if>
      <if test="ukeireKyokyuCls != null">
        UKEIRE_KYOKYU_CLS,
      </if>
      <if test="juhattyubi != null">
        JUHATTYUBI,
      </if>
      <if test="nyuryokushaCd != null">
        NYURYOKUSHA_CD,
      </if>
      <if test="kihyoCls != null">
        KIHYO_CLS,
      </if>
      <if test="syukkoFlag != null">
        SYUKKO_FLAG,
      </if>
      <if test="ttelNum != null">
        TTEL_NUM,
      </if>
      <if test="deleteFlag != null">
        DELETE_FLAG,
      </if>
      <if test="version != null">
        VERSION,
      </if>
      <if test="souryou != null">
        SOURYOU,
      </if>
    </trim>
    <trim prefix="values (" suffix=")" suffixOverrides=",">
      <if test="nendo != null">
        #{nendo,jdbcType=NUMERIC},
      </if>
      <if test="juhattyuCd != null">
        #{juhattyuCd,jdbcType=NUMERIC},
      </if>
      <if test="hattyumotoCd != null">
        #{hattyumotoCd,jdbcType=NUMERIC},
      </if>
      <if test="tantoBusho != null">
        #{tantoBusho,jdbcType=VARCHAR},
      </if>
      <if test="tantosha != null">
        #{tantosha,jdbcType=VARCHAR},
      </if>
      <if test="ukeireKyokyuCls != null">
        #{ukeireKyokyuCls,jdbcType=NUMERIC},
      </if>
      <if test="juhattyubi != null">
        #{juhattyubi,jdbcType=TIMESTAMP},
      </if>
      <if test="nyuryokushaCd != null">
        #{nyuryokushaCd,jdbcType=NUMERIC},
      </if>
      <if test="kihyoCls != null">
        #{kihyoCls,jdbcType=VARCHAR},
      </if>
      <if test="syukkoFlag != null">
        #{syukkoFlag,jdbcType=NUMERIC},
      </if>
      <if test="ttelNum != null">
        #{ttelNum,jdbcType=VARCHAR},
      </if>
      <if test="deleteFlag != null">
        #{deleteFlag,jdbcType=NUMERIC},
      </if>
      <if test="version != null">
        #{version,jdbcType=NUMERIC},
      </if>
      <if test="souryou != null">
        #{souryou,jdbcType=NUMERIC},
      </if>
    </trim>
  </insert>
  <update id="updateByPrimaryKeySelective" parameterType="ja.zenchu.assenhin.entity.AJuhattyu">
    <!--
      WARNING - @mbg.generated
      This element is automatically generated by MyBatis Generator, do not modify.
      This element was generated on Tue Nov 10 18:35:52 JST 2020.
    -->
    update A_JUHATTYU
    <set>
      <if test="hattyumotoCd != null">
        HATTYUMOTO_CD = #{hattyumotoCd,jdbcType=NUMERIC},
      </if>
      <if test="tantoBusho != null">
        TANTO_BUSHO = #{tantoBusho,jdbcType=VARCHAR},
      </if>
      <if test="tantosha != null">
        TANTOSHA = #{tantosha,jdbcType=VARCHAR},
      </if>
      <if test="ukeireKyokyuCls != null">
        UKEIRE_KYOKYU_CLS = #{ukeireKyokyuCls,jdbcType=NUMERIC},
      </if>
      <if test="juhattyubi != null">
        JUHATTYUBI = #{juhattyubi,jdbcType=TIMESTAMP},
      </if>
      <if test="nyuryokushaCd != null">
        NYURYOKUSHA_CD = #{nyuryokushaCd,jdbcType=NUMERIC},
      </if>
      <if test="kihyoCls != null">
        KIHYO_CLS = #{kihyoCls,jdbcType=VARCHAR},
      </if>
      <if test="syukkoFlag != null">
        SYUKKO_FLAG = #{syukkoFlag,jdbcType=NUMERIC},
      </if>
      <if test="ttelNum != null">
        TTEL_NUM = #{ttelNum,jdbcType=VARCHAR},
      </if>
      <if test="deleteFlag != null">
        DELETE_FLAG = #{deleteFlag,jdbcType=NUMERIC},
      </if>
      <if test="version != null">
        VERSION = #{version,jdbcType=NUMERIC},
      </if>
      <if test="souryou != null">
        SOURYOU = #{souryou,jdbcType=NUMERIC},
      </if>
    </set>
    where NENDO = #{nendo,jdbcType=NUMERIC}
      and JUHATTYU_CD = #{juhattyuCd,jdbcType=NUMERIC}
  </update>
  <update id="updateByPrimaryKey" parameterType="ja.zenchu.assenhin.entity.AJuhattyu">
    <!--
      WARNING - @mbg.generated
      This element is automatically generated by MyBatis Generator, do not modify.
      This element was generated on Tue Nov 10 18:35:52 JST 2020.
    -->
    update A_JUHATTYU
    set HATTYUMOTO_CD = #{hattyumotoCd,jdbcType=NUMERIC},
      TANTO_BUSHO = #{tantoBusho,jdbcType=VARCHAR},
      TANTOSHA = #{tantosha,jdbcType=VARCHAR},
      UKEIRE_KYOKYU_CLS = #{ukeireKyokyuCls,jdbcType=NUMERIC},
      JUHATTYUBI = #{juhattyubi,jdbcType=TIMESTAMP},
      NYURYOKUSHA_CD = #{nyuryokushaCd,jdbcType=NUMERIC},
      KIHYO_CLS = #{kihyoCls,jdbcType=VARCHAR},
      SYUKKO_FLAG = #{syukkoFlag,jdbcType=NUMERIC},
      TTEL_NUM = #{ttelNum,jdbcType=VARCHAR},
      DELETE_FLAG = #{deleteFlag,jdbcType=NUMERIC},
      VERSION = #{version,jdbcType=NUMERIC},
      SOURYOU = #{souryou,jdbcType=NUMERIC}
    where NENDO = #{nendo,jdbcType=NUMERIC}
      and JUHATTYU_CD = #{juhattyuCd,jdbcType=NUMERIC}
  </update>
  <update id="updateJuhattyuData" parameterType="ja.zenchu.assenhin.entity.AJuhattyu">
    update A_JUHATTYU
    set HATTYUMOTO_CD = #{hattyumotoCd,jdbcType=NUMERIC},
      TANTO_BUSHO = #{tantoBusho,jdbcType=VARCHAR},
      TANTOSHA = #{tantosha,jdbcType=VARCHAR},
      UKEIRE_KYOKYU_CLS = #{ukeireKyokyuCls,jdbcType=NUMERIC},
      JUHATTYUBI = #{juhattyubi,jdbcType=TIMESTAMP},
      NYURYOKUSHA_CD = #{nyuryokushaCd,jdbcType=NUMERIC},
      KIHYO_CLS = #{kihyoCls,jdbcType=VARCHAR},
      SYUKKO_FLAG = #{syukkoFlag,jdbcType=NUMERIC},
      TTEL_NUM = #{ttelNum,jdbcType=VARCHAR},
      DELETE_FLAG = #{deleteFlag,jdbcType=NUMERIC},
      VERSION = VERSION + 1,
      SOURYOU = #{souryou,jdbcType=NUMERIC}
    where NENDO = #{nendo,jdbcType=NUMERIC}
      and JUHATTYU_CD = #{juhattyuCd,jdbcType=NUMERIC}
      and VERSION = #{version,jdbcType=NUMERIC}
  </update>
  <update id="deleteJuhattyuData">
    update A_JUHATTYU set DELETE_FLAG = 1 where NENDO=#{nendo} AND JUHATTYU_CD=#{juhattyuCd} and version=#{version}
  </update>
    <select id="getHistoryNendoList" resultType="Short">
select
  DISTINCT AJ.NENDO
from
  A_JUHATTYU AJ 
  INNER JOIN A_JUHATTYU_MEISAI AJM
  ON AJ.NENDO = AJM.NENDO AND AJ.JUHATTYU_CD = AJM.JUHATTYU_CD
where
  AJ.HATTYUMOTO_CD =#{torihikisakiCd}
  and AJ.UKEIRE_KYOKYU_CLS = 1
  and AJ.DELETE_FLAG = 0
  and AJM.DELETE_FLAG = 0 
  order by
 AJ.NENDO DESC
  </select>
  <select id="getJuhattyubi" resultType="java.time.LocalDate">
  select JUHATTYUBI from A_JUHATTYU WHERE NENDO = #{nendo} and JUHATTYU_CD = #{juhattyuCd}
  </select>
  <select id="getJuhattyuData" resultType="ja.zenchu.assenhin.dto.JuhattyuDataDto">
  select 
  NENDO, JUHATTYU_CD juhattyuCd, VERSION, NVL(SOURYOU,0) SOURYOU
  from A_JUHATTYU WHERE NENDO = #{nendo} and JUHATTYU_CD = #{juhattyuCd}
  </select>
</mapper>