<?xml version="1.0" encoding="UTF-8"?>
<!DOCTYPE mapper PUBLIC "-//mybatis.org//DTD Mapper 3.0//EN" "http://mybatis.org/dtd/mybatis-3-mapper.dtd">
<mapper namespace="ja.zenchu.assenhin.entity.mapper.AKenchuMessageMapper">
  <resultMap id="BaseResultMap" type="ja.zenchu.assenhin.entity.AKenchuMessage">
    <!--
      WARNING - @mbg.generated
      This element is automatically generated by MyBatis Generator, do not modify.
      This element was generated on Tue Nov 17 19:21:53 JST 2020.
    -->
    <id column="ID" jdbcType="NUMERIC" property="id" />
    <result column="MESSAGE" jdbcType="VARCHAR" property="message" />
    <result column="TEKIYO_KAISHIBI" jdbcType="TIMESTAMP" property="tekiyoKaishibi" />
    <result column="TEKIYO_SYURYOBI" jdbcType="TIMESTAMP" property="tekiyoSyuryobi" />
    <result column="DELETE_FLAG" jdbcType="NUMERIC" property="deleteFlag" />
    <result column="SORT_NUM" jdbcType="NUMERIC" property="sortNum" />
  </resultMap>
  <sql id="Base_Column_List">
    <!--
      WARNING - @mbg.generated
      This element is automatically generated by MyBatis Generator, do not modify.
      This element was generated on Tue Nov 17 19:21:53 JST 2020.
    -->
    ID, MESSAGE, TEKIYO_KAISHIBI, TEKIYO_SYURYOBI, DELETE_FLAG, SORT_NUM
  </sql>
  <select id="selectByPrimaryKey" parameterType="java.lang.Integer" resultMap="BaseResultMap">
    <!--
      WARNING - @mbg.generated
      This element is automatically generated by MyBatis Generator, do not modify.
      This element was generated on Tue Nov 17 19:21:53 JST 2020.
    -->
    select 
    <include refid="Base_Column_List" />
    from A_KENCHU_MESSAGE
    where ID = #{id,jdbcType=NUMERIC}
  </select>
  <select id="getMessageList" resultType="String">
    <!--
      WARNING - @mbg.generated
      This element is automatically generated by MyBatis Generator, do not modify.
      This element was generated on Tue Nov 17 19:21:53 JST 2020.
    -->
    select 
    MESSAGE
    from A_KENCHU_MESSAGE
    
    where #{kijunbi} between TEKIYO_KAISHIBI and TEKIYO_SYURYOBI and DELETE_FLAG = 0
    order by SORT_NUM
  </select>

</mapper>