<?xml version="1.0" encoding="UTF-8"?>
<!DOCTYPE mapper PUBLIC "-//mybatis.org//DTD Mapper 3.0//EN" "http://mybatis.org/dtd/mybatis-3-mapper.dtd">
<mapper namespace="ja.zenchu.assenhin.entity.mapper.AUserKaiinMapper">
  <resultMap id="BaseResultMap" type="ja.zenchu.assenhin.entity.AUserKaiin">
    <!--
      WARNING - @mbg.generated
      This element is automatically generated by MyBatis Generator, do not modify.
      This element was generated on Wed Nov 04 15:40:21 JST 2020.
    -->
    <id column="USER_CD" jdbcType="NUMERIC" property="userCd" />
    <id column="KAIIN_CLS" jdbcType="NUMERIC" property="kaiinCls" />
    <result column="KAIIN_NAME" jdbcType="VARCHAR" property="kaiinName" />
    <result column="KOUSHINBI" jdbcType="TIMESTAMP" property="koushinbi" />
  </resultMap>
  <sql id="Base_Column_List">
    <!--
      WARNING - @mbg.generated
      This element is automatically generated by MyBatis Generator, do not modify.
      This element was generated on Wed Nov 04 15:40:21 JST 2020.
    -->
    USER_CD, KAIIN_CLS, KAIIN_NAME, KOUSHINBI
  </sql>
  <select id="selectByPrimaryKey" parameterType="ja.zenchu.assenhin.entity.AUserKaiinKey" resultMap="BaseResultMap">
    <!--
      WARNING - @mbg.generated
      This element is automatically generated by MyBatis Generator, do not modify.
      This element was generated on Wed Nov 04 15:40:21 JST 2020.
    -->
    select 
    <include refid="Base_Column_List" />
    from A_USER_KAIIN
    where USER_CD = #{userCd,jdbcType=NUMERIC}
      and KAIIN_CLS = #{kaiinCls,jdbcType=NUMERIC}
  </select>
  <delete id="deleteByPrimaryKey" parameterType="ja.zenchu.assenhin.entity.AUserKaiinKey">
    <!--
      WARNING - @mbg.generated
      This element is automatically generated by MyBatis Generator, do not modify.
      This element was generated on Wed Nov 04 15:40:21 JST 2020.
    -->
    delete from A_USER_KAIIN
    where USER_CD = #{userCd,jdbcType=NUMERIC}
      and KAIIN_CLS = #{kaiinCls,jdbcType=NUMERIC}
  </delete>
  <insert id="insert" parameterType="ja.zenchu.assenhin.entity.AUserKaiin">
    <!--
      WARNING - @mbg.generated
      This element is automatically generated by MyBatis Generator, do not modify.
      This element was generated on Wed Nov 04 15:40:21 JST 2020.
    -->
    insert into A_USER_KAIIN (USER_CD, KAIIN_CLS, KAIIN_NAME, 
      KOUSHINBI)
    values (#{userCd,jdbcType=NUMERIC}, #{kaiinCls,jdbcType=NUMERIC}, #{kaiinName,jdbcType=VARCHAR}, 
      #{koushinbi,jdbcType=TIMESTAMP})
  </insert>
  <insert id="insertSelective" parameterType="ja.zenchu.assenhin.entity.AUserKaiin">
    <!--
      WARNING - @mbg.generated
      This element is automatically generated by MyBatis Generator, do not modify.
      This element was generated on Wed Nov 04 15:40:21 JST 2020.
    -->
    insert into A_USER_KAIIN
    <trim prefix="(" suffix=")" suffixOverrides=",">
      <if test="userCd != null">
        USER_CD,
      </if>
      <if test="kaiinCls != null">
        KAIIN_CLS,
      </if>
      <if test="kaiinName != null">
        KAIIN_NAME,
      </if>
      <if test="koushinbi != null">
        KOUSHINBI,
      </if>
    </trim>
    <trim prefix="values (" suffix=")" suffixOverrides=",">
      <if test="userCd != null">
        #{userCd,jdbcType=NUMERIC},
      </if>
      <if test="kaiinCls != null">
        #{kaiinCls,jdbcType=NUMERIC},
      </if>
      <if test="kaiinName != null">
        #{kaiinName,jdbcType=VARCHAR},
      </if>
      <if test="koushinbi != null">
        #{koushinbi,jdbcType=TIMESTAMP},
      </if>
    </trim>
  </insert>
  <update id="updateByPrimaryKeySelective" parameterType="ja.zenchu.assenhin.entity.AUserKaiin">
    <!--
      WARNING - @mbg.generated
      This element is automatically generated by MyBatis Generator, do not modify.
      This element was generated on Wed Nov 04 15:40:21 JST 2020.
    -->
    update A_USER_KAIIN
    <set>
      <if test="kaiinName != null">
        KAIIN_NAME = #{kaiinName,jdbcType=VARCHAR},
      </if>
      <if test="koushinbi != null">
        KOUSHINBI = #{koushinbi,jdbcType=TIMESTAMP},
      </if>
    </set>
    where USER_CD = #{userCd,jdbcType=NUMERIC}
      and KAIIN_CLS = #{kaiinCls,jdbcType=NUMERIC}
  </update>
  <update id="updateByPrimaryKey" parameterType="ja.zenchu.assenhin.entity.AUserKaiin">
    <!--
      WARNING - @mbg.generated
      This element is automatically generated by MyBatis Generator, do not modify.
      This element was generated on Wed Nov 04 15:40:21 JST 2020.
    -->
    update A_USER_KAIIN
    set KAIIN_NAME = #{kaiinName,jdbcType=VARCHAR},
      KOUSHINBI = #{koushinbi,jdbcType=TIMESTAMP}
    where USER_CD = #{userCd,jdbcType=NUMERIC}
      and KAIIN_CLS = #{kaiinCls,jdbcType=NUMERIC}
  </update>
  <select id="getKaiinClsList" resultType="short">
  select
  AU.KAIIN_CLS 
from
  A_USER_KAIIN AU INNER JOIN A_MST_KAIIN_CLS AMK
  ON AU.KAIIN_CLS = AMK.KAIIN_CLS AND AMK.ASSENHIN_CLS = 1  <!--  斡旋品の会員区分  -->
where
  AU.USER_CD = #{torihikisakiCd}
order by
  AU.KAIIN_CLS
  </select>
</mapper>