<?xml version="1.0" encoding="UTF-8"?>
<!DOCTYPE mapper PUBLIC "-//mybatis.org//DTD Mapper 3.0//EN" "http://mybatis.org/dtd/mybatis-3-mapper.dtd">
<mapper namespace="ja.zenchu.assenhin.entity.mapper.MKihonNendoKanriMapper">
  <resultMap id="BaseResultMap" type="ja.zenchu.assenhin.entity.MKihonNendoKanri">
    <!--
      WARNING - @mbg.generated
      This element is automatically generated by MyBatis Generator, do not modify.
      This element was generated on Mon Oct 19 14:54:02 JST 2020.
    -->
    <id column="NENDO" jdbcType="NUMERIC" property="nendo" />
    <result column="DELETE_FLAG" jdbcType="NUMERIC" property="deleteFlag" />
    <result column="TEKIYO_KAISHIBI" jdbcType="TIMESTAMP" property="tekiyoKaishibi" />
    <result column="TEKIYO_SYURYOBI" jdbcType="TIMESTAMP" property="tekiyoSyuryobi" />
    <result column="CHECKED" jdbcType="NUMERIC" property="checked" />
    <result column="KOUSHIN_NICHIJI" jdbcType="TIMESTAMP" property="koushinNichiji" />
    <result column="KOUSHINSHA_CD" jdbcType="NUMERIC" property="koushinshaCd" />
    <result column="VERSION" jdbcType="NUMERIC" property="version" />
  </resultMap>
  <sql id="Base_Column_List">
    <!--
      WARNING - @mbg.generated
      This element is automatically generated by MyBatis Generator, do not modify.
      This element was generated on Mon Oct 19 14:54:02 JST 2020.
    -->
    NENDO, DELETE_FLAG, TEKIYO_KAISHIBI, TEKIYO_SYURYOBI, CHECKED, KOUSHIN_NICHIJI, KOUSHINSHA_CD, 
    VERSION
  </sql>
  <select id="selectByPrimaryKey" parameterType="java.lang.Short" resultMap="BaseResultMap">
    <!--
      WARNING - @mbg.generated
      This element is automatically generated by MyBatis Generator, do not modify.
      This element was generated on Mon Oct 19 14:54:02 JST 2020.
    -->
    select 
    <include refid="Base_Column_List" />
    from M_KIHON_NENDO_KANRI
    where NENDO = #{nendo,jdbcType=NUMERIC}
  </select>

  <select id="getNendo" resultType="short">
  <![CDATA[ select NENDO from M_KIHON_NENDO_KANRI 
  where trunc(TEKIYO_KAISHIBI,'DD') <= trunc(#{date, jdbcType=TIMESTAMP},'DD') and trunc(TEKIYO_SYURYOBI,'DD') >= trunc(#{date, jdbcType=TIMESTAMP},'DD') and DELETE_FLAG = 0 ]]>
  </select>
</mapper>