<?xml version="1.0" encoding="UTF-8"?>
<!DOCTYPE generatorConfiguration
  PUBLIC "-//mybatis.org//DTD MyBatis Generator Configuration 1.0//EN"
  "http://mybatis.org/dtd/mybatis-generator-config_1_0.dtd">

<generatorConfiguration>
  <context id="JA_NEWASSENHIN_DB" targetRuntime="MyBatis3">
    <jdbcConnection
      driverClass="oracle.jdbc.driver.OracleDriver"
      connectionURL="jdbc:oracle:thin:@192.168.20.170:1521:kaikei1"
      userId="KAIKEI$8"
      password="KAIKEI8PASS">
    </jdbcConnection>
    <javaTypeResolver>
    	<property name="useJSR310Types" value="true"/>
    </javaTypeResolver>
    <javaModelGenerator
        targetPackage="ja.zenchu.assenhin.entity"
        targetProject="JA_NEWASSENHIN">
    </javaModelGenerator>
    <sqlMapGenerator
        targetPackage="ja.zenchu.assenhin.entity.xml"
        targetProject="JA_NEWASSENHIN">
    </sqlMapGenerator>

    <javaClientGenerator
        targetPackage="ja.zenchu.assenhin.entity.mapper"
        targetProject="JA_NEWASSENHIN"
        type="XMLMAPPER">
    </javaClientGenerator>

    <table
      tableName="M_KANREN_MANUAL"
      enableSelectByExample = "false"
      enableUpdateByExample = "false"
      enableCountByExample  = "false"
      enableDeleteByExample = "false">
    </table>
  </context>
</generatorConfiguration>