<?xml version="1.0" encoding="UTF-8"?>
<!DOCTYPE mapper PUBLIC "-//mybatis.org//DTD Mapper 3.0//EN" "http://mybatis.org/dtd/mybatis-3-mapper.dtd">
<mapper namespace="ja.zenchu.assenhin.entity.mapper.AAssenhinMapper">
  <resultMap id="BaseResultMap" type="ja.zenchu.assenhin.entity.AAssenhin">
    <!--
      WARNING - @mbg.generated
      This element is automatically generated by MyBatis Generator, do not modify.
      This element was generated on Mon Oct 19 15:51:04 JST 2020.
    -->
    <id column="ASSENHIN_CD" jdbcType="NUMERIC" property="assenhinCd" />
    <id column="HANSUU" jdbcType="NUMERIC" property="hansuu" />
    <result column="ASSENHIN_NAME" jdbcType="VARCHAR" property="assenhinName" />
    <result column="ZENTYU_BUSHO_CD" jdbcType="NUMERIC" property="zentyuBushoCd" />
    <result column="ZENTYU_JIGYO_CD" jdbcType="NUMERIC" property="zentyuJigyoCd" />
    <result column="KYOKYU_SHIWAKE_CD_TUJO" jdbcType="NUMERIC" property="kyokyuShiwakeCdTujo" />
    <result column="KYOKYU_SHIWAKE_CD_FURIKAE" jdbcType="NUMERIC" property="kyokyuShiwakeCdFurikae" />
    <result column="TEIKI_SHIWAKE_CD" jdbcType="NUMERIC" property="teikiShiwakeCd" />
    <result column="JUURYO" jdbcType="NUMERIC" property="juuryo" />
    <result column="ZOUSATU_CLS" jdbcType="NUMERIC" property="zousatuCls" />
    <result column="YOYAKU_CLS" jdbcType="NUMERIC" property="yoyakuCls" />
    <result column="TORIATUKAI_KAISHIBI" jdbcType="TIMESTAMP" property="toriatukaiKaishibi" />
    <result column="TORIATUKAI_SYURYOBI" jdbcType="TIMESTAMP" property="toriatukaiSyuryobi" />
    <result column="YOYAKU_SYURYOBI" jdbcType="TIMESTAMP" property="yoyakuSyuryobi" />
    <result column="GAIYO" jdbcType="VARCHAR" property="gaiyo" />
    <result column="SHIYO_FLAG" jdbcType="NUMERIC" property="shiyoFlag" />
    <result column="DELETE_FLAG" jdbcType="NUMERIC" property="deleteFlag" />
    <result column="UKEIRE_CLS" jdbcType="NUMERIC" property="ukeireCls" />
    <result column="KOUSHINBI" jdbcType="TIMESTAMP" property="koushinbi" />
    <result column="KOUSHINSHA_CD" jdbcType="NUMERIC" property="koushinshaCd" />
    <result column="VERSION" jdbcType="NUMERIC" property="version" />
    <result column="ASSENHIN_NAME_SEARCH" jdbcType="VARCHAR" property="assenhinNameSearch" />
  </resultMap>
  <sql id="Base_Column_List">
    <!--
      WARNING - @mbg.generated
      This element is automatically generated by MyBatis Generator, do not modify.
      This element was generated on Mon Oct 19 15:51:04 JST 2020.
    -->
    ASSENHIN_CD, HANSUU, ASSENHIN_NAME, ZENTYU_BUSHO_CD, ZENTYU_JIGYO_CD, KYOKYU_SHIWAKE_CD_TUJO, 
    KYOKYU_SHIWAKE_CD_FURIKAE, TEIKI_SHIWAKE_CD, JUURYO, ZOUSATU_CLS, YOYAKU_CLS, TORIATUKAI_KAISHIBI, 
    TORIATUKAI_SYURYOBI, YOYAKU_SYURYOBI, GAIYO, SHIYO_FLAG, DELETE_FLAG, UKEIRE_CLS, 
    KOUSHINBI, KOUSHINSHA_CD, VERSION, ASSENHIN_NAME_SEARCH
  </sql>
  <select id="selectByPrimaryKey" parameterType="ja.zenchu.assenhin.entity.AAssenhinKey" resultMap="BaseResultMap">
    <!--
      WARNING - @mbg.generated
      This element is automatically generated by MyBatis Generator, do not modify.
      This element was generated on Mon Oct 19 15:51:04 JST 2020.
    -->
    select 
    <include refid="Base_Column_List" />
    from A_ASSENHIN
    where ASSENHIN_CD = #{assenhinCd,jdbcType=NUMERIC}
      and HANSUU = #{hansuu,jdbcType=NUMERIC}
  </select>
  <delete id="deleteByPrimaryKey" parameterType="ja.zenchu.assenhin.entity.AAssenhinKey">
    <!--
      WARNING - @mbg.generated
      This element is automatically generated by MyBatis Generator, do not modify.
      This element was generated on Mon Oct 19 15:51:04 JST 2020.
    -->
    delete from A_ASSENHIN
    where ASSENHIN_CD = #{assenhinCd,jdbcType=NUMERIC}
      and HANSUU = #{hansuu,jdbcType=NUMERIC}
  </delete>
  <insert id="insert" parameterType="ja.zenchu.assenhin.entity.AAssenhin">
    <!--
      WARNING - @mbg.generated
      This element is automatically generated by MyBatis Generator, do not modify.
      This element was generated on Mon Oct 19 15:51:04 JST 2020.
    -->
    insert into A_ASSENHIN (ASSENHIN_CD, HANSUU, ASSENHIN_NAME, 
      ZENTYU_BUSHO_CD, ZENTYU_JIGYO_CD, KYOKYU_SHIWAKE_CD_TUJO, 
      KYOKYU_SHIWAKE_CD_FURIKAE, TEIKI_SHIWAKE_CD, 
      JUURYO, ZOUSATU_CLS, YOYAKU_CLS, 
      TORIATUKAI_KAISHIBI, TORIATUKAI_SYURYOBI, 
      YOYAKU_SYURYOBI, GAIYO, SHIYO_FLAG, 
      DELETE_FLAG, UKEIRE_CLS, KOUSHINBI, 
      KOUSHINSHA_CD, VERSION, ASSENHIN_NAME_SEARCH
      )
    values (#{assenhinCd,jdbcType=NUMERIC}, #{hansuu,jdbcType=NUMERIC}, #{assenhinName,jdbcType=VARCHAR}, 
      #{zentyuBushoCd,jdbcType=NUMERIC}, #{zentyuJigyoCd,jdbcType=NUMERIC}, #{kyokyuShiwakeCdTujo,jdbcType=NUMERIC}, 
      #{kyokyuShiwakeCdFurikae,jdbcType=NUMERIC}, #{teikiShiwakeCd,jdbcType=NUMERIC}, 
      #{juuryo,jdbcType=NUMERIC}, #{zousatuCls,jdbcType=NUMERIC}, #{yoyakuCls,jdbcType=NUMERIC}, 
      #{toriatukaiKaishibi,jdbcType=TIMESTAMP}, #{toriatukaiSyuryobi,jdbcType=TIMESTAMP}, 
      #{yoyakuSyuryobi,jdbcType=TIMESTAMP}, #{gaiyo,jdbcType=VARCHAR}, #{shiyoFlag,jdbcType=NUMERIC}, 
      #{deleteFlag,jdbcType=NUMERIC}, #{ukeireCls,jdbcType=NUMERIC}, #{koushinbi,jdbcType=TIMESTAMP}, 
      #{koushinshaCd,jdbcType=NUMERIC}, #{version,jdbcType=NUMERIC}, #{assenhinNameSearch,jdbcType=VARCHAR}
      )
  </insert>
  <insert id="insertSelective" parameterType="ja.zenchu.assenhin.entity.AAssenhin">
    <!--
      WARNING - @mbg.generated
      This element is automatically generated by MyBatis Generator, do not modify.
      This element was generated on Mon Oct 19 15:51:04 JST 2020.
    -->
    insert into A_ASSENHIN
    <trim prefix="(" suffix=")" suffixOverrides=",">
      <if test="assenhinCd != null">
        ASSENHIN_CD,
      </if>
      <if test="hansuu != null">
        HANSUU,
      </if>
      <if test="assenhinName != null">
        ASSENHIN_NAME,
      </if>
      <if test="zentyuBushoCd != null">
        ZENTYU_BUSHO_CD,
      </if>
      <if test="zentyuJigyoCd != null">
        ZENTYU_JIGYO_CD,
      </if>
      <if test="kyokyuShiwakeCdTujo != null">
        KYOKYU_SHIWAKE_CD_TUJO,
      </if>
      <if test="kyokyuShiwakeCdFurikae != null">
        KYOKYU_SHIWAKE_CD_FURIKAE,
      </if>
      <if test="teikiShiwakeCd != null">
        TEIKI_SHIWAKE_CD,
      </if>
      <if test="juuryo != null">
        JUURYO,
      </if>
      <if test="zousatuCls != null">
        ZOUSATU_CLS,
      </if>
      <if test="yoyakuCls != null">
        YOYAKU_CLS,
      </if>
      <if test="toriatukaiKaishibi != null">
        TORIATUKAI_KAISHIBI,
      </if>
      <if test="toriatukaiSyuryobi != null">
        TORIATUKAI_SYURYOBI,
      </if>
      <if test="yoyakuSyuryobi != null">
        YOYAKU_SYURYOBI,
      </if>
      <if test="gaiyo != null">
        GAIYO,
      </if>
      <if test="shiyoFlag != null">
        SHIYO_FLAG,
      </if>
      <if test="deleteFlag != null">
        DELETE_FLAG,
      </if>
      <if test="ukeireCls != null">
        UKEIRE_CLS,
      </if>
      <if test="koushinbi != null">
        KOUSHINBI,
      </if>
      <if test="koushinshaCd != null">
        KOUSHINSHA_CD,
      </if>
      <if test="version != null">
        VERSION,
      </if>
      <if test="assenhinNameSearch != null">
        ASSENHIN_NAME_SEARCH,
      </if>
    </trim>
    <trim prefix="values (" suffix=")" suffixOverrides=",">
      <if test="assenhinCd != null">
        #{assenhinCd,jdbcType=NUMERIC},
      </if>
      <if test="hansuu != null">
        #{hansuu,jdbcType=NUMERIC},
      </if>
      <if test="assenhinName != null">
        #{assenhinName,jdbcType=VARCHAR},
      </if>
      <if test="zentyuBushoCd != null">
        #{zentyuBushoCd,jdbcType=NUMERIC},
      </if>
      <if test="zentyuJigyoCd != null">
        #{zentyuJigyoCd,jdbcType=NUMERIC},
      </if>
      <if test="kyokyuShiwakeCdTujo != null">
        #{kyokyuShiwakeCdTujo,jdbcType=NUMERIC},
      </if>
      <if test="kyokyuShiwakeCdFurikae != null">
        #{kyokyuShiwakeCdFurikae,jdbcType=NUMERIC},
      </if>
      <if test="teikiShiwakeCd != null">
        #{teikiShiwakeCd,jdbcType=NUMERIC},
      </if>
      <if test="juuryo != null">
        #{juuryo,jdbcType=NUMERIC},
      </if>
      <if test="zousatuCls != null">
        #{zousatuCls,jdbcType=NUMERIC},
      </if>
      <if test="yoyakuCls != null">
        #{yoyakuCls,jdbcType=NUMERIC},
      </if>
      <if test="toriatukaiKaishibi != null">
        #{toriatukaiKaishibi,jdbcType=TIMESTAMP},
      </if>
      <if test="toriatukaiSyuryobi != null">
        #{toriatukaiSyuryobi,jdbcType=TIMESTAMP},
      </if>
      <if test="yoyakuSyuryobi != null">
        #{yoyakuSyuryobi,jdbcType=TIMESTAMP},
      </if>
      <if test="gaiyo != null">
        #{gaiyo,jdbcType=VARCHAR},
      </if>
      <if test="shiyoFlag != null">
        #{shiyoFlag,jdbcType=NUMERIC},
      </if>
      <if test="deleteFlag != null">
        #{deleteFlag,jdbcType=NUMERIC},
      </if>
      <if test="ukeireCls != null">
        #{ukeireCls,jdbcType=NUMERIC},
      </if>
      <if test="koushinbi != null">
        #{koushinbi,jdbcType=TIMESTAMP},
      </if>
      <if test="koushinshaCd != null">
        #{koushinshaCd,jdbcType=NUMERIC},
      </if>
      <if test="version != null">
        #{version,jdbcType=NUMERIC},
      </if>
      <if test="assenhinNameSearch != null">
        #{assenhinNameSearch,jdbcType=VARCHAR},
      </if>
    </trim>
  </insert>
  <update id="updateByPrimaryKeySelective" parameterType="ja.zenchu.assenhin.entity.AAssenhin">
    <!--
      WARNING - @mbg.generated
      This element is automatically generated by MyBatis Generator, do not modify.
      This element was generated on Mon Oct 19 15:51:04 JST 2020.
    -->
    update A_ASSENHIN
    <set>
      <if test="assenhinName != null">
        ASSENHIN_NAME = #{assenhinName,jdbcType=VARCHAR},
      </if>
      <if test="zentyuBushoCd != null">
        ZENTYU_BUSHO_CD = #{zentyuBushoCd,jdbcType=NUMERIC},
      </if>
      <if test="zentyuJigyoCd != null">
        ZENTYU_JIGYO_CD = #{zentyuJigyoCd,jdbcType=NUMERIC},
      </if>
      <if test="kyokyuShiwakeCdTujo != null">
        KYOKYU_SHIWAKE_CD_TUJO = #{kyokyuShiwakeCdTujo,jdbcType=NUMERIC},
      </if>
      <if test="kyokyuShiwakeCdFurikae != null">
        KYOKYU_SHIWAKE_CD_FURIKAE = #{kyokyuShiwakeCdFurikae,jdbcType=NUMERIC},
      </if>
      <if test="teikiShiwakeCd != null">
        TEIKI_SHIWAKE_CD = #{teikiShiwakeCd,jdbcType=NUMERIC},
      </if>
      <if test="juuryo != null">
        JUURYO = #{juuryo,jdbcType=NUMERIC},
      </if>
      <if test="zousatuCls != null">
        ZOUSATU_CLS = #{zousatuCls,jdbcType=NUMERIC},
      </if>
      <if test="yoyakuCls != null">
        YOYAKU_CLS = #{yoyakuCls,jdbcType=NUMERIC},
      </if>
      <if test="toriatukaiKaishibi != null">
        TORIATUKAI_KAISHIBI = #{toriatukaiKaishibi,jdbcType=TIMESTAMP},
      </if>
      <if test="toriatukaiSyuryobi != null">
        TORIATUKAI_SYURYOBI = #{toriatukaiSyuryobi,jdbcType=TIMESTAMP},
      </if>
      <if test="yoyakuSyuryobi != null">
        YOYAKU_SYURYOBI = #{yoyakuSyuryobi,jdbcType=TIMESTAMP},
      </if>
      <if test="gaiyo != null">
        GAIYO = #{gaiyo,jdbcType=VARCHAR},
      </if>
      <if test="shiyoFlag != null">
        SHIYO_FLAG = #{shiyoFlag,jdbcType=NUMERIC},
      </if>
      <if test="deleteFlag != null">
        DELETE_FLAG = #{deleteFlag,jdbcType=NUMERIC},
      </if>
      <if test="ukeireCls != null">
        UKEIRE_CLS = #{ukeireCls,jdbcType=NUMERIC},
      </if>
      <if test="koushinbi != null">
        KOUSHINBI = #{koushinbi,jdbcType=TIMESTAMP},
      </if>
      <if test="koushinshaCd != null">
        KOUSHINSHA_CD = #{koushinshaCd,jdbcType=NUMERIC},
      </if>
      <if test="version != null">
        VERSION = #{version,jdbcType=NUMERIC},
      </if>
      <if test="assenhinNameSearch != null">
        ASSENHIN_NAME_SEARCH = #{assenhinNameSearch,jdbcType=VARCHAR},
      </if>
    </set>
    where ASSENHIN_CD = #{assenhinCd,jdbcType=NUMERIC}
      and HANSUU = #{hansuu,jdbcType=NUMERIC}
  </update>
  <update id="updateByPrimaryKey" parameterType="ja.zenchu.assenhin.entity.AAssenhin">
    <!--
      WARNING - @mbg.generated
      This element is automatically generated by MyBatis Generator, do not modify.
      This element was generated on Mon Oct 19 15:51:04 JST 2020.
    -->
    update A_ASSENHIN
    set ASSENHIN_NAME = #{assenhinName,jdbcType=VARCHAR},
      ZENTYU_BUSHO_CD = #{zentyuBushoCd,jdbcType=NUMERIC},
      ZENTYU_JIGYO_CD = #{zentyuJigyoCd,jdbcType=NUMERIC},
      KYOKYU_SHIWAKE_CD_TUJO = #{kyokyuShiwakeCdTujo,jdbcType=NUMERIC},
      KYOKYU_SHIWAKE_CD_FURIKAE = #{kyokyuShiwakeCdFurikae,jdbcType=NUMERIC},
      TEIKI_SHIWAKE_CD = #{teikiShiwakeCd,jdbcType=NUMERIC},
      JUURYO = #{juuryo,jdbcType=NUMERIC},
      ZOUSATU_CLS = #{zousatuCls,jdbcType=NUMERIC},
      YOYAKU_CLS = #{yoyakuCls,jdbcType=NUMERIC},
      TORIATUKAI_KAISHIBI = #{toriatukaiKaishibi,jdbcType=TIMESTAMP},
      TORIATUKAI_SYURYOBI = #{toriatukaiSyuryobi,jdbcType=TIMESTAMP},
      YOYAKU_SYURYOBI = #{yoyakuSyuryobi,jdbcType=TIMESTAMP},
      GAIYO = #{gaiyo,jdbcType=VARCHAR},
      SHIYO_FLAG = #{shiyoFlag,jdbcType=NUMERIC},
      DELETE_FLAG = #{deleteFlag,jdbcType=NUMERIC},
      UKEIRE_CLS = #{ukeireCls,jdbcType=NUMERIC},
      KOUSHINBI = #{koushinbi,jdbcType=TIMESTAMP},
      KOUSHINSHA_CD = #{koushinshaCd,jdbcType=NUMERIC},
      VERSION = #{version,jdbcType=NUMERIC},
      ASSENHIN_NAME_SEARCH = #{assenhinNameSearch,jdbcType=VARCHAR}
    where ASSENHIN_CD = #{assenhinCd,jdbcType=NUMERIC}
      and HANSUU = #{hansuu,jdbcType=NUMERIC}
  </update>
  <resultMap id="searchAssenhin" type="ja.zenchu.assenhin.dto.AssenhinListDto">
    <id column="ASSENHIN_CD" jdbcType="NUMERIC" property="assenhinCd" />
    <id column="HANSUU" jdbcType="NUMERIC" property="hansuu" />
    <result column="ASSENHIN_NAME" jdbcType="VARCHAR" property="assenhinName" />
    <result column="KAKAKU" jdbcType="NUMERIC" property="kakaku"/>
    <result column="HATTYUGO_ZAIKOSUU" jdbcType="NUMERIC" property="zaikoSuu" />
    <result column="BUSHO_NAME" jdbcType="VARCHAR" property="bushoName" />
    <result column="TOUROKUBI" jdbcType="TIMESTAMP" property="tourokubi" />
  </resultMap>
  <select id="searchAssenhinList" parameterType="ja.zenchu.assenhin.dto.SearchAssenhinDto" resultMap="searchAssenhin">
SELECT
  A.ASSENHIN_CD
  , A.HANSUU
  , A.ASSENHIN_NAME
  , AAK.KAKAKU
  , A.ZENTYU_BUSHO_CD
  , MT.TORIHIKISAKI_NAME AS BUSHO_NAME
  , A.YOYAKU_SYURYOBI
  , AZ.HATTYUGO_ZAIKOSUU
  , A.TOUROKUBI
  , A.VERSION
FROM
  A_ASSENHIN A 
  INNER JOIN A_ASSENHIN_KAKAKU AAK
  ON A.ASSENHIN_CD = AAK.ASSENHIN_CD AND A.HANSUU = AAK.HANSUU AND AAK.KAKAKU_CLS = 1 AND AAK.DELETE_FLAG = 0
  INNER JOIN 
  A_ZAIKO AZ
  ON A.ASSENHIN_CD = AZ.ASSENHIN_CD AND A.HANSUU = AZ.HANSUU
  LEFT JOIN 
  M_TORIHIKISAKI MT
  ON A.ZENTYU_BUSHO_CD = MT.TORIHIKISAKI_CD
  AND #{kijunbi} BETWEEN MT.TEKIYO_KAISHIBI AND MT.TEKIYO_SYURYOBI AND MT.DELETE_FLAG = 0
WHERE
  <![CDATA[ A.HANSUU > 0 ]]>  <!-- 定期購読除く -->
  AND #{kijunbi} BETWEEN A.TORIATUKAI_KAISHIBI AND A.TORIATUKAI_SYURYOBI <!-- 取扱期間中  -->
  AND A.DELETE_FLAG = 0
  <if test="searchAssenhinName != null">
  AND (
    A.ASSENHIN_NAME_SEARCH like UTL_I18N.TRANSLITERATE(#{searchAssenhinName},'kana_hwkatakana')
    or A.ASSENHIN_CD like UTL_I18N.TRANSLITERATE(#{searchAssenhinName},'kana_hwkatakana')
  )
  </if>
  <if test="yoyakuFlag == false">
  AND A.YOYAKU_CLS = 0 <!--  これは予約を含まない場合  -->
  </if>
  <if test="searchCategoryId > 0"> <!-- 未定は除く -->
  AND EXISTS (SELECT 'x' FROM 
      A_ASSENHIN_CATEGORY AAC INNER JOIN A_MST_CATEGORY AMC ON AAC.CATEGORY_CD = AMC.CATEGORY_CD AND 
	  #{kijunbi} BETWEEN AMC.TEKIYO_KAISHIBI AND AMC.TEKIYO_SYURYOBI AND AMC.DELETE_FLAG = 0　<!-- 有効な斡旋品カテゴリ -->
　　 　　　 WHERE A.ASSENHIN_CD = AAC.ASSENHIN_CD AND A.HANSUU = AAC.HANSUU AND AAC.CATEGORY_CD = #{searchCategoryId}) <!-- カテゴリを含む -->
  </if>
ORDER BY
<choose>
  <when test = "orderType == 10">
    A.TOUROKUBI ASC, A.ASSENHIN_CD ASC
  </when>
  <when test = "orderType == 20">
    A.TOUROKUBI DESC, A.ASSENHIN_CD ASC
  </when>
  <when test = "orderType == 30">
    AAK.KAKAKU ASC, A.ASSENHIN_CD ASC
  </when>
  <when test = "orderType == 40">
    AAK.KAKAKU DESC, A.ASSENHIN_CD ASC
  </when>
  <otherwise>
    A.TOUROKUBI ASC, A.ASSENHINCD ASC
  </otherwise>
</choose>
  </select>
  <select id="getAssenhinWeight" resultType="int">
    select JUURYO FROM A_ASSENHIN WHERE ASSENHIN_CD = #{assenhinCd} and HANSUU=#{hansuu}
  </select>
  <resultMap type="ja.zenchu.assenhin.dto.AssenhinDetailDto" id="detailAssenihin">
    <id column="ASSENHIN_CD" jdbcType="NUMERIC" property="assenhinCd" />
    <id column="HANSUU" jdbcType="NUMERIC" property="hansuu" />
    <result column="ASSENHIN_NAME" jdbcType="VARCHAR" property="assenhinName" />
    <result column="BUSHO_NAME" jdbcType="VARCHAR" property="bushoName" />
    <result column="KAKAKU" jdbcType="NUMERIC" property="kakaku" />
    <result column="YOYAKU_CLS" jdbcType="NUMERIC" property="yoyakuCls" />
    <result column="HATTYUGO_ZAIKOSUU" jdbcType="NUMERIC" property="zaikoSuu" />
    <result column="GAIYO" jdbcType="VARCHAR" property="gaiyo" />

  </resultMap>
  <select id="getAssenhinDetail" resultMap="detailAssenihin">
SELECT
  A.ASSENHIN_CD
  , A.HANSUU
  , A.ASSENHIN_NAME
  , AAK.KAKAKU
  , A.ZENTYU_BUSHO_CD
  , MT.TORIHIKISAKI_NAME AS BUSHO_NAME
  , AAK.KAKAKU
  , AZ.HATTYUGO_ZAIKOSUU
  , A.GAIYO
FROM
  A_ASSENHIN A 
  INNER JOIN A_ASSENHIN_KAKAKU AAK
  ON A.ASSENHIN_CD = AAK.ASSENHIN_CD AND A.HANSUU = AAK.HANSUU AND AAK.KAKAKU_CLS = #{kakakuSetteiCls} AND AAK.DELETE_FLAG = 0
  INNER JOIN 
  A_ZAIKO AZ
  ON A.ASSENHIN_CD = AZ.ASSENHIN_CD AND A.HANSUU = AZ.HANSUU
  LEFT JOIN 
  M_TORIHIKISAKI MT
  ON A.ZENTYU_BUSHO_CD = MT.TORIHIKISAKI_CD
  AND #{kijunbi} BETWEEN MT.TEKIYO_KAISHIBI AND MT.TEKIYO_SYURYOBI AND MT.DELETE_FLAG = 0
WHERE
  A.ASSENHIN_CD = #{assenhinCd} and A.HANSUU = #{hansuu} and A.DELETE_FLAG = 0
  </select>
</mapper>