<?xml version="1.0" encoding="UTF-8"?>
<!DOCTYPE mapper PUBLIC "-//mybatis.org//DTD Mapper 3.0//EN" "http://mybatis.org/dtd/mybatis-3-mapper.dtd">
<mapper namespace="ja.zenchu.assenhin.entity.mapper.AToujitsuAssenhinMapper">
  <resultMap id="BaseResultMap" type="ja.zenchu.assenhin.entity.AToujitsuAssenhin">
    <!--
      WARNING - @mbg.generated
      This element is automatically generated by MyBatis Generator, do not modify.
      This element was generated on Tue Nov 24 17:25:40 JST 2020.
    -->
    <id column="TORIHIKISAKI_CD" jdbcType="NUMERIC" property="torihikisakiCd" />
    <id column="NENDO" jdbcType="NUMERIC" property="nendo" />
    <id column="JUHATTYU_CD" jdbcType="NUMERIC" property="juhattyuCd" />
    <id column="JUHATTYU_MEISAI_CD" jdbcType="NUMERIC" property="juhattyuMeisaiCd" />
    <result column="ASSENHIN_CD" jdbcType="NUMERIC" property="assenhinCd" />
    <result column="HANSUU" jdbcType="NUMERIC" property="hansuu" />
    <result column="TANKA" jdbcType="NUMERIC" property="tanka" />
    <result column="KAKAKU_CLS" jdbcType="NUMERIC" property="kakakuCls" />
    <result column="THUMON_SUU" jdbcType="NUMERIC" property="thumonSuu" />
    <result column="DELETE_FLAG" jdbcType="NUMERIC" property="deleteFlag" />
    <result column="VERSION" jdbcType="NUMERIC" property="version" />
  </resultMap>
  <sql id="Base_Column_List">
    <!--
      WARNING - @mbg.generated
      This element is automatically generated by MyBatis Generator, do not modify.
      This element was generated on Tue Nov 24 17:25:40 JST 2020.
    -->
    TORIHIKISAKI_CD, NENDO, JUHATTYU_CD, JUHATTYU_MEISAI_CD, ASSENHIN_CD, HANSUU, TANKA, 
    KAKAKU_CLS, THUMON_SUU, DELETE_FLAG, VERSION
  </sql>
  <select id="selectByPrimaryKey" parameterType="ja.zenchu.assenhin.entity.AToujitsuAssenhinKey" resultMap="BaseResultMap">
    <!--
      WARNING - @mbg.generated
      This element is automatically generated by MyBatis Generator, do not modify.
      This element was generated on Tue Nov 24 17:25:40 JST 2020.
    -->
    select 
    <include refid="Base_Column_List" />
    from A_TOUJITSU_ASSENHIN
    where TORIHIKISAKI_CD = #{torihikisakiCd,jdbcType=NUMERIC}
      and NENDO = #{nendo,jdbcType=NUMERIC}
      and JUHATTYU_CD = #{juhattyuCd,jdbcType=NUMERIC}
      and JUHATTYU_MEISAI_CD = #{juhattyuMeisaiCd,jdbcType=NUMERIC}
  </select>
  <delete id="deleteByPrimaryKey" parameterType="ja.zenchu.assenhin.entity.AToujitsuAssenhinKey">
    <!--
      WARNING - @mbg.generated
      This element is automatically generated by MyBatis Generator, do not modify.
      This element was generated on Tue Nov 24 17:25:40 JST 2020.
    -->
    delete from A_TOUJITSU_ASSENHIN
    where TORIHIKISAKI_CD = #{torihikisakiCd,jdbcType=NUMERIC}
      and NENDO = #{nendo,jdbcType=NUMERIC}
      and JUHATTYU_CD = #{juhattyuCd,jdbcType=NUMERIC}
      and JUHATTYU_MEISAI_CD = #{juhattyuMeisaiCd,jdbcType=NUMERIC}
  </delete>

  <update id="updateByPrimaryKeySelective" parameterType="ja.zenchu.assenhin.entity.AToujitsuAssenhin">
    <!--
      WARNING - @mbg.generated
      This element is automatically generated by MyBatis Generator, do not modify.
      This element was generated on Tue Nov 24 17:25:40 JST 2020.
    -->
    update A_TOUJITSU_ASSENHIN
    <set>
      <if test="assenhinCd != null">
        ASSENHIN_CD = #{assenhinCd,jdbcType=NUMERIC},
      </if>
      <if test="hansuu != null">
        HANSUU = #{hansuu,jdbcType=NUMERIC},
      </if>
      <if test="tanka != null">
        TANKA = #{tanka,jdbcType=NUMERIC},
      </if>
      <if test="kakakuCls != null">
        KAKAKU_CLS = #{kakakuCls,jdbcType=NUMERIC},
      </if>
      <if test="thumonSuu != null">
        THUMON_SUU = #{thumonSuu,jdbcType=NUMERIC},
      </if>
      <if test="deleteFlag != null">
        DELETE_FLAG = #{deleteFlag,jdbcType=NUMERIC},
      </if>
      <if test="version != null">
        VERSION = #{version,jdbcType=NUMERIC},
      </if>
    </set>
    where TORIHIKISAKI_CD = #{torihikisakiCd,jdbcType=NUMERIC}
      and NENDO = #{nendo,jdbcType=NUMERIC}
      and JUHATTYU_CD = #{juhattyuCd,jdbcType=NUMERIC}
      and JUHATTYU_MEISAI_CD = #{juhattyuMeisaiCd,jdbcType=NUMERIC}
  </update>
  <update id="updateByPrimaryKey" parameterType="ja.zenchu.assenhin.entity.AToujitsuAssenhin">
    <!--
      WARNING - @mbg.generated
      This element is automatically generated by MyBatis Generator, do not modify.
      This element was generated on Tue Nov 24 17:25:40 JST 2020.
    -->
    update A_TOUJITSU_ASSENHIN
    set ASSENHIN_CD = #{assenhinCd,jdbcType=NUMERIC},
      HANSUU = #{hansuu,jdbcType=NUMERIC},
      TANKA = #{tanka,jdbcType=NUMERIC},
      KAKAKU_CLS = #{kakakuCls,jdbcType=NUMERIC},
      THUMON_SUU = #{thumonSuu,jdbcType=NUMERIC},
      DELETE_FLAG = #{deleteFlag,jdbcType=NUMERIC},
      VERSION = #{version,jdbcType=NUMERIC}
    where TORIHIKISAKI_CD = #{torihikisakiCd,jdbcType=NUMERIC}
      and NENDO = #{nendo,jdbcType=NUMERIC}
      and JUHATTYU_CD = #{juhattyuCd,jdbcType=NUMERIC}
      and JUHATTYU_MEISAI_CD = #{juhattyuMeisaiCd,jdbcType=NUMERIC}
  </update>
    <insert id="copyThumonzumiData">
  INSERT INTO A_TOUJITSU_ASSENHIN
SELECT 
  #{torihikisakiCd}
  ,AJM.NENDO
  ,AJM.JUHATTYU_CD
  ,AJM.JUHATTYU_MEISAI_CD
  ,AJM.ASSENHIN_CD
  ,AJM.HANSUU
  ,AJM.TANKA
  ,AJM.KAKAKU_CLS
  ,AJM.HATTYU_SUURYO
  ,0 AS DELETE_FLAG
  ,1 AS VERSION
 FROM A_JUHATTYU_MEISAI AJM 
WHERE AJM.NENDO = #{nendo} AND AJM.JUHATTYU_CD = #{juhattyuCd} AND AJM.DELETE_FLAG = 0
ORDER BY AJM.JUHATTYU_MEISAI_CD DESC
  </insert>
  <delete id="deleteToujitsuThumonAll">
  DELETE FROM A_TOUJITSU_ASSENHIN WHERE TORIHIKISAKI_CD=#{torihikisakiCd}
  </delete>

    <update id="deleteTojitsuThumon">
UPDATE A_TOUJITSU_ASSENHIN ATA SET ATA.DELETE_FLAG = 1
WHERE ATA.TORIHIKISAKI_CD=#{torihikisakiCd} AND ATA.NENDO = #{nendo} AND ATA.JUHATTYU_CD = #{juhattyuCd} AND ATA.JUHATTYU_MEISAI_CD = #{juhattyuMeisaiCd}
AND ATA.VERSION = #{version}
  </update>
  <resultMap type="ja.zenchu.assenhin.dto.CartListDto" id="toujitsuList">
    <id column="NENDO" jdbcType="NUMERIC" property="nendo"/>
    <id column="JUHATTYU_CD" jdbcType="NUMERIC" property="juhattyuCd" />
    <id column="JUHATTYU_MEISAI_CD" jdbcType="NUMERIC" property="juhattyuMeisaiCd" />
    <id column="ASSENHIN_CD" jdbcType="NUMERIC" property="assenhinCd" />
    <id column="HANSUU" jdbcType="NUMERIC" property="hansuu" />
    <result column="JUHATTYUBI" jdbcType="TIMESTAMP" property="juhattyubi" />
    <result column="HATTYU_SUURYO" jdbcType="NUMERIC" property="thumonSuu" />
    <result column="ASSENHIN_NAME" jdbcType="VARCHAR" property="assenhinName" />
    <result column="BUSHO_NAME" jdbcType="VARCHAR" property="bushoName" />
    <result column="TANKA" jdbcType="NUMERIC" property="kakaku" />
    <result column="THUMON_SUU" jdbcType="NUMERIC" property="thumonSuu" />
    <result column="DELETE_FLAG" jdbcType="NUMERIC" property="deleteFlag"/>
    <result column="KAKAKU_CLS" jdbcType="NUMERIC" property="kakakuCls"/>
    <result column="YOYAKU_CLS" jdbcType="NUMERIC" property="yoyakuCls"/>
    <result column="KAIINTEKIYO" jdbcType="NUMERIC" property="kaiinTekiyou"/>
    <result column="HATTYUGO_ZAIKOSUU" jdbcType="NUMERIC" property="zaikoSuu" />
    <result column="VERSION" jdbcType="NUMERIC" property="version" />
  </resultMap>
  <select id="getToujitsuThumonList" resultMap="toujitsuList">
select 
 ATA.NENDO
 ,ATA.JUHATTYU_CD
 ,ATA.JUHATTYU_MEISAI_CD
 ,ATA.ASSENHIN_CD
 ,ATA.HANSUU
 ,AJ.JUHATTYUBI
 ,AA.ASSENHIN_NAME
 ,AZ.HATTYUGO_ZAIKOSUU
 ,MT.TORIHIKISAKI_NAME AS BUSHO_NAME
 ,ATA.TANKA
 ,ATA.THUMON_SUU
 ,ATA.KAKAKU_CLS
 ,CASE WHEN AJM.KAIIN_CLS > 0 THEN 1 ELSE 0 END KAIINTEKIYO <!-- 会員摘要のチェック -->
 , 0 AS DELETE_FLAG
 ,AA.YOYAKU_CLS
 ,ATA.VERSION
 from A_TOUJITSU_ASSENHIN ATA 
 inner join A_JUHATTYU AJ on ATA.NENDO = AJ.NENDO and ATA.JUHATTYU_CD = AJ.JUHATTYU_CD
 inner join A_JUHATTYU_MEISAI AJM on ATA.NENDO = AJM.NENDO and ATA.JUHATTYU_CD = AJM.JUHATTYU_CD and ATA.JUHATTYU_MEISAI_CD = AJM.JUHATTYU_MEISAI_CD inner join A_ASSENHIN AA on ATA.ASSENHIN_CD = AA.ASSENHIN_CD and ATA.HANSUU =  AA.HANSUU and AJ.DELETE_FLAG = 0
 inner join A_ASSENHIN AA on ATA.ASSENHIN_CD = AA.ASSENHIN_CD and ATA.HANSUU =  AA.HANSUU and AJ.DELETE_FLAG = 0
 inner join A_ZAIKO AZ on ATA.ASSENHIN_CD = AZ.ASSENHIN_CD and ATA.HANSUU = AZ.HANSUU
 left join M_TORIHIKISAKI MT on MT.TORIHIKISAKI_CD = AA.ZENTYU_BUSHO_CD 
  and AJ.JUHATTYUBI BETWEEN MT.TEKIYO_KAISHIBI AND MT.TEKIYO_SYURYOBI and MT.DELETE_FLAG = 0
where ATA.TORIHIKISAKI_CD = #{torihikisakiCd} AND ATA.DELETE_FLAG = 0
order by ATA.JUHATTYU_CD,ATA.JUHATTYU_MEISAI_CD
  </select>
  <select id="getToujitsuThumonListAll" resultMap="toujitsuList">
select 
 ATA.NENDO
 ,ATA.JUHATTYU_CD
 ,ATA.JUHATTYU_MEISAI_CD
 ,ATA.ASSENHIN_CD
 ,ATA.HANSUU
 ,AJ.JUHATTYUBI
 ,AA.ASSENHIN_NAME
 ,AZ.HATTYUGO_ZAIKOSUU
 ,MT.TORIHIKISAKI_NAME AS BUSHO_NAME
 ,ATA.TANKA
 ,ATA.THUMON_SUU
 ,ATA.KAKAKU_CLS
 ,CASE WHEN AJM.KAIIN_CLS > 0 THEN 1 ELSE 0 END KAIINTEKIYO <!-- 会員摘要のチェック -->
 ,AA.YOYAKU_CLS
 ,ATA.DELETE_FLAG
 ,ATA.VERSION
 from A_TOUJITSU_ASSENHIN ATA 
 inner join A_JUHATTYU AJ on ATA.NENDO = AJ.NENDO and ATA.JUHATTYU_CD = AJ.JUHATTYU_CD
 inner join A_JUHATTYU_MEISAI AJM on ATA.NENDO = AJM.NENDO and ATA.JUHATTYU_CD = AJM.JUHATTYU_CD and ATA.JUHATTYU_MEISAI_CD = AJM.JUHATTYU_MEISAI_CD inner join A_ASSENHIN AA on ATA.ASSENHIN_CD = AA.ASSENHIN_CD and ATA.HANSUU =  AA.HANSUU and AJ.DELETE_FLAG = 0
 inner join A_ASSENHIN AA on ATA.ASSENHIN_CD = AA.ASSENHIN_CD and ATA.HANSUU =  AA.HANSUU and AJ.DELETE_FLAG = 0
 inner join A_ZAIKO AZ on ATA.ASSENHIN_CD = AZ.ASSENHIN_CD and ATA.HANSUU = AZ.HANSUU
 left join M_TORIHIKISAKI MT on MT.TORIHIKISAKI_CD = AA.ZENTYU_BUSHO_CD 
  and AJ.JUHATTYUBI BETWEEN MT.TEKIYO_KAISHIBI AND MT.TEKIYO_SYURYOBI and MT.DELETE_FLAG = 0
where ATA.TORIHIKISAKI_CD = #{torihikisakiCd}
order by ATA.JUHATTYU_CD,ATA.JUHATTYU_MEISAI_CD
  </select>
  <update id="updateToujistuThumonSuu" parameterType="ja.zenchu.assenhin.dto.UpdateToujitsuThumonSuuDto">
  update A_TOUJITSU_ASSENHIN 
set
  KAKAKU_CLS = #{kakakuCls}
  , THUMON_SUU = #{thumonSuu}
  , TANKA = #{tanka}
  , VERSION = VERSION + 1
where
  TORIHIKISAKI_CD = #{torihikisakiCd} 
  and NENDO = #{nendo}
  and JUHATTYU_CD = #{juhattyuCd}
  and JUHATTYU_MEISAI_CD = #{juhattyuMeisaiCd}
  and VERSION = #{version,jdbcType=NUMERIC}
  </update>
</mapper>