<?xml version="1.0" encoding="UTF-8"?>
<!DOCTYPE mapper PUBLIC "-//mybatis.org//DTD Mapper 3.0//EN" "http://mybatis.org/dtd/mybatis-3-mapper.dtd">
<mapper namespace="ja.zenchu.assenhin.entity.mapper.MKoteiKoumokuMapper">
  <resultMap id="BaseResultMap" type="ja.zenchu.assenhin.entity.MKoteiKoumoku">
    <!--
      WARNING - @mbg.generated
      This element is automatically generated by MyBatis Generator, do not modify.
      This element was generated on Wed Nov 04 19:54:54 JST 2020.
    -->
    <id column="KOTEI_KOUMOKU_CD" jdbcType="NUMERIC" property="koteiKoumokuCd" />
    <result column="KETASUU" jdbcType="NUMERIC" property="ketasuu" />
    <result column="KOTEI_KOUMOKU_NAME" jdbcType="VARCHAR" property="koteiKoumokuName" />
    <result column="KOTEI_KOUMOKU" jdbcType="VARCHAR" property="koteiKoumoku" />
    <result column="DELETE_FLAG" jdbcType="NUMERIC" property="deleteFlag" />
    <result column="CHECKED" jdbcType="NUMERIC" property="checked" />
    <result column="KOUSHIN_NICHIJI" jdbcType="TIMESTAMP" property="koushinNichiji" />
    <result column="KOUSHINSHA_CD" jdbcType="NUMERIC" property="koushinshaCd" />
    <result column="VERSION" jdbcType="NUMERIC" property="version" />
  </resultMap>
  <sql id="Base_Column_List">
    <!--
      WARNING - @mbg.generated
      This element is automatically generated by MyBatis Generator, do not modify.
      This element was generated on Wed Nov 04 19:54:54 JST 2020.
    -->
    KOTEI_KOUMOKU_CD, KETASUU, KOTEI_KOUMOKU_NAME, KOTEI_KOUMOKU, DELETE_FLAG, CHECKED, 
    KOUSHIN_NICHIJI, KOUSHINSHA_CD, VERSION
  </sql>
  <select id="selectByPrimaryKey" parameterType="java.lang.Short" resultMap="BaseResultMap">
    <!--
      WARNING - @mbg.generated
      This element is automatically generated by MyBatis Generator, do not modify.
      This element was generated on Wed Nov 04 19:54:54 JST 2020.
    -->
    select 
    <include refid="Base_Column_List" />
    from M_KOTEI_KOUMOKU
    where KOTEI_KOUMOKU_CD = #{koteiKoumokuCd,jdbcType=NUMERIC}
  </select>
  <select id="getSouryou" resultType="int">
    select TO_NUMBER(MK.KOTEI_KOUMOKU) from M_KOTEI_KOUMOKU MK where MK.KOTEI_KOUMOKU_CD = 151
  </select>
</mapper>