<?xml version="1.0" encoding="UTF-8"?>
<!DOCTYPE mapper PUBLIC "-//mybatis.org//DTD Mapper 3.0//EN" "http://mybatis.org/dtd/mybatis-3-mapper.dtd">
<mapper namespace="ja.zenchu.assenhin.entity.mapper.MSaibanKanriMapper">
  <resultMap id="BaseResultMap" type="ja.zenchu.assenhin.entity.MSaibanKanri">
    <!--
      WARNING - @mbg.generated
      This element is automatically generated by MyBatis Generator, do not modify.
      This element was generated on Mon Oct 19 14:52:10 JST 2020.
    -->
    <id column="SAIBAN_KANRI_CD" jdbcType="NUMERIC" property="saibanKanriCd" />
    <id column="SYSTEM_NENDO" jdbcType="NUMERIC" property="systemNendo" />
    <result column="NUM_NAME" jdbcType="VARCHAR" property="numName" />
    <result column="NOW_NUM" jdbcType="NUMERIC" property="nowNum" />
    <result column="KOUSHIN_NICHIJI" jdbcType="TIMESTAMP" property="koushinNichiji" />
    <result column="KOUSHINSHA_CD" jdbcType="NUMERIC" property="koushinshaCd" />
    <result column="VERSION" jdbcType="NUMERIC" property="version" />
  </resultMap>
  <sql id="Base_Column_List">
    <!--
      WARNING - @mbg.generated
      This element is automatically generated by MyBatis Generator, do not modify.
      This element was generated on Mon Oct 19 14:52:10 JST 2020.
    -->
    SAIBAN_KANRI_CD, SYSTEM_NENDO, NUM_NAME, NOW_NUM, KOUSHIN_NICHIJI, KOUSHINSHA_CD, 
    VERSION
  </sql>
  <select id="selectByPrimaryKey" parameterType="ja.zenchu.assenhin.entity.MSaibanKanriKey" resultMap="BaseResultMap">
    <!--
      WARNING - @mbg.generated
      This element is automatically generated by MyBatis Generator, do not modify.
      This element was generated on Mon Oct 19 14:52:10 JST 2020.
    -->
    select 
    <include refid="Base_Column_List" />
    from M_SAIBAN_KANRI
    where SAIBAN_KANRI_CD = #{saibanKanriCd,jdbcType=NUMERIC}
      and SYSTEM_NENDO = #{systemNendo,jdbcType=NUMERIC}
  </select>
  <delete id="deleteByPrimaryKey" parameterType="ja.zenchu.assenhin.entity.MSaibanKanriKey">
    <!--
      WARNING - @mbg.generated
      This element is automatically generated by MyBatis Generator, do not modify.
      This element was generated on Mon Oct 19 14:52:10 JST 2020.
    -->
    delete from M_SAIBAN_KANRI
    where SAIBAN_KANRI_CD = #{saibanKanriCd,jdbcType=NUMERIC}
      and SYSTEM_NENDO = #{systemNendo,jdbcType=NUMERIC}
  </delete>
  <insert id="insert" parameterType="ja.zenchu.assenhin.entity.MSaibanKanri">
    <!--
      WARNING - @mbg.generated
      This element is automatically generated by MyBatis Generator, do not modify.
      This element was generated on Mon Oct 19 14:52:10 JST 2020.
    -->
    insert into M_SAIBAN_KANRI (SAIBAN_KANRI_CD, SYSTEM_NENDO, NUM_NAME, 
      NOW_NUM, KOUSHIN_NICHIJI, KOUSHINSHA_CD, 
      VERSION)
    values (#{saibanKanriCd,jdbcType=NUMERIC}, #{systemNendo,jdbcType=NUMERIC}, #{numName,jdbcType=VARCHAR}, 
      #{nowNum,jdbcType=NUMERIC}, #{koushinNichiji,jdbcType=TIMESTAMP}, #{koushinshaCd,jdbcType=NUMERIC}, 
      #{version,jdbcType=NUMERIC})
  </insert>
  <insert id="insertSelective" parameterType="ja.zenchu.assenhin.entity.MSaibanKanri">
    <!--
      WARNING - @mbg.generated
      This element is automatically generated by MyBatis Generator, do not modify.
      This element was generated on Mon Oct 19 14:52:10 JST 2020.
    -->
    insert into M_SAIBAN_KANRI
    <trim prefix="(" suffix=")" suffixOverrides=",">
      <if test="saibanKanriCd != null">
        SAIBAN_KANRI_CD,
      </if>
      <if test="systemNendo != null">
        SYSTEM_NENDO,
      </if>
      <if test="numName != null">
        NUM_NAME,
      </if>
      <if test="nowNum != null">
        NOW_NUM,
      </if>
      <if test="koushinNichiji != null">
        KOUSHIN_NICHIJI,
      </if>
      <if test="koushinshaCd != null">
        KOUSHINSHA_CD,
      </if>
      <if test="version != null">
        VERSION,
      </if>
    </trim>
    <trim prefix="values (" suffix=")" suffixOverrides=",">
      <if test="saibanKanriCd != null">
        #{saibanKanriCd,jdbcType=NUMERIC},
      </if>
      <if test="systemNendo != null">
        #{systemNendo,jdbcType=NUMERIC},
      </if>
      <if test="numName != null">
        #{numName,jdbcType=VARCHAR},
      </if>
      <if test="nowNum != null">
        #{nowNum,jdbcType=NUMERIC},
      </if>
      <if test="koushinNichiji != null">
        #{koushinNichiji,jdbcType=TIMESTAMP},
      </if>
      <if test="koushinshaCd != null">
        #{koushinshaCd,jdbcType=NUMERIC},
      </if>
      <if test="version != null">
        #{version,jdbcType=NUMERIC},
      </if>
    </trim>
  </insert>
  <update id="updateByPrimaryKeySelective" parameterType="ja.zenchu.assenhin.entity.MSaibanKanri">
    <!--
      WARNING - @mbg.generated
      This element is automatically generated by MyBatis Generator, do not modify.
      This element was generated on Mon Oct 19 14:52:10 JST 2020.
    -->
    update M_SAIBAN_KANRI
    <set>
      <if test="numName != null">
        NUM_NAME = #{numName,jdbcType=VARCHAR},
      </if>
      <if test="nowNum != null">
        NOW_NUM = #{nowNum,jdbcType=NUMERIC},
      </if>
      <if test="koushinNichiji != null">
        KOUSHIN_NICHIJI = #{koushinNichiji,jdbcType=TIMESTAMP},
      </if>
      <if test="koushinshaCd != null">
        KOUSHINSHA_CD = #{koushinshaCd,jdbcType=NUMERIC},
      </if>
      <if test="version != null">
        VERSION = #{version,jdbcType=NUMERIC},
      </if>
    </set>
    where SAIBAN_KANRI_CD = #{saibanKanriCd,jdbcType=NUMERIC}
      and SYSTEM_NENDO = #{systemNendo,jdbcType=NUMERIC}
  </update>
  <update id="updateByPrimaryKey" parameterType="ja.zenchu.assenhin.entity.MSaibanKanri">
    <!--
      WARNING - @mbg.generated
      This element is automatically generated by MyBatis Generator, do not modify.
      This element was generated on Mon Oct 19 14:52:10 JST 2020.
    -->
    update M_SAIBAN_KANRI
    set NUM_NAME = #{numName,jdbcType=VARCHAR},
      NOW_NUM = #{nowNum,jdbcType=NUMERIC},
      KOUSHIN_NICHIJI = #{koushinNichiji,jdbcType=TIMESTAMP},
      KOUSHINSHA_CD = #{koushinshaCd,jdbcType=NUMERIC},
      VERSION = #{version,jdbcType=NUMERIC}
    where SAIBAN_KANRI_CD = #{saibanKanriCd,jdbcType=NUMERIC}
      and SYSTEM_NENDO = #{systemNendo,jdbcType=NUMERIC}
  </update>
  <select id="getSaibanKanri" resultMap="BaseResultMap" resultType="ja.zenchu.assenhin.entity.MSaibanKanri">
  select SYSTEM_NENDO, SAIBAN_KANRI_CD, NOW_NUM, VERSION from M_SAIBAN_KANRI where SAIBAN_KANRI_CD = 3 and SYSTEM_NENDO = #{systemNendo, jdbcType=NUMERIC}
  </select>
  <select id="getSaibanVersion" resultType="int">
  select VERSION from M_SAIBAN_KANRI where SAIBAN_KANRI_CD = 3 and SYSTEM_NENDO = #{nendo, jdbcType=NUMERIC}
  </select>
  <update id="updateSaibanKanri" parameterType="ja.zenchu.assenhin.entity.MSaibanKanri">
  update M_SAIBAN_KANRI
    set NOW_NUM = #{nowNum, jdbcType=NUMERIC},
          KOUSHIN_NICHIJI = #{koushinNichiji, jdbcType=TIMESTAMP},
          VERSION = #{version, jdbcType=NUMERIC} + 1
     where SAIBAN_KANRI_CD = #{saibanKanriCd,jdbcType=NUMERIC} and SYSTEM_NENDO = #{systemNendo,jdbcType=NUMERIC} and VERSION = #{version, jdbcType=NUMERIC}
  </update>
</mapper>