<?xml version="1.0" encoding="UTF-8"?>
<!DOCTYPE mapper PUBLIC "-//mybatis.org//DTD Mapper 3.0//EN" "http://mybatis.org/dtd/mybatis-3-mapper.dtd">
<mapper namespace="ja.zenchu.assenhin.entity.mapper.AAssenhinKakakuMapper">
  <resultMap id="BaseResultMap" type="ja.zenchu.assenhin.entity.AAssenhinKakaku">
    <!--
      WARNING - @mbg.generated
      This element is automatically generated by MyBatis Generator, do not modify.
      This element was generated on Mon Oct 19 15:52:41 JST 2020.
    -->
    <id column="ASSENHIN_CD" jdbcType="NUMERIC" property="assenhinCd" />
    <id column="HANSUU" jdbcType="NUMERIC" property="hansuu" />
    <id column="KAKAKU_CLS" jdbcType="NUMERIC" property="kakakuCls" />
    <result column="KAKAKU" jdbcType="NUMERIC" property="kakaku" />
    <result column="BIKO" jdbcType="VARCHAR" property="biko" />
    <result column="KAIIN_CLS" jdbcType="NUMERIC" property="kaiinCls" />
    <result column="BUSUU" jdbcType="NUMERIC" property="busuu" />
    <result column="DELETE_FLAG" jdbcType="NUMERIC" property="deleteFlag" />
    <result column="VERSION" jdbcType="NUMERIC" property="version" />
  </resultMap>
  <sql id="Base_Column_List">
    <!--
      WARNING - @mbg.generated
      This element is automatically generated by MyBatis Generator, do not modify.
      This element was generated on Mon Oct 19 15:52:41 JST 2020.
    -->
    ASSENHIN_CD, HANSUU, KAKAKU_CLS, KAKAKU, BIKO, KAIIN_CLS, BUSUU, DELETE_FLAG, VERSION
  </sql>
  <select id="selectByPrimaryKey" parameterType="ja.zenchu.assenhin.entity.AAssenhinKakakuKey" resultMap="BaseResultMap">
    <!--
      WARNING - @mbg.generated
      This element is automatically generated by MyBatis Generator, do not modify.
      This element was generated on Mon Oct 19 15:52:41 JST 2020.
    -->
    select 
    <include refid="Base_Column_List" />
    from A_ASSENHIN_KAKAKU
    where ASSENHIN_CD = #{assenhinCd,jdbcType=NUMERIC}
      and HANSUU = #{hansuu,jdbcType=NUMERIC}
      and KAKAKU_CLS = #{kakakuCls,jdbcType=NUMERIC}
  </select>
  <delete id="deleteByPrimaryKey" parameterType="ja.zenchu.assenhin.entity.AAssenhinKakakuKey">
    <!--
      WARNING - @mbg.generated
      This element is automatically generated by MyBatis Generator, do not modify.
      This element was generated on Mon Oct 19 15:52:41 JST 2020.
    -->
    delete from A_ASSENHIN_KAKAKU
    where ASSENHIN_CD = #{assenhinCd,jdbcType=NUMERIC}
      and HANSUU = #{hansuu,jdbcType=NUMERIC}
      and KAKAKU_CLS = #{kakakuCls,jdbcType=NUMERIC}
  </delete>
  <insert id="insert" parameterType="ja.zenchu.assenhin.entity.AAssenhinKakaku">
    <!--
      WARNING - @mbg.generated
      This element is automatically generated by MyBatis Generator, do not modify.
      This element was generated on Mon Oct 19 15:52:41 JST 2020.
    -->
    insert into A_ASSENHIN_KAKAKU (ASSENHIN_CD, HANSUU, KAKAKU_CLS, 
      KAKAKU, BIKO, KAIIN_CLS, 
      BUSUU, DELETE_FLAG, VERSION
      )
    values (#{assenhinCd,jdbcType=NUMERIC}, #{hansuu,jdbcType=NUMERIC}, #{kakakuCls,jdbcType=NUMERIC}, 
      #{kakaku,jdbcType=NUMERIC}, #{biko,jdbcType=VARCHAR}, #{kaiinCls,jdbcType=NUMERIC}, 
      #{busuu,jdbcType=NUMERIC}, #{deleteFlag,jdbcType=NUMERIC}, #{version,jdbcType=NUMERIC}
      )
  </insert>
  <insert id="insertSelective" parameterType="ja.zenchu.assenhin.entity.AAssenhinKakaku">
    <!--
      WARNING - @mbg.generated
      This element is automatically generated by MyBatis Generator, do not modify.
      This element was generated on Mon Oct 19 15:52:41 JST 2020.
    -->
    insert into A_ASSENHIN_KAKAKU
    <trim prefix="(" suffix=")" suffixOverrides=",">
      <if test="assenhinCd != null">
        ASSENHIN_CD,
      </if>
      <if test="hansuu != null">
        HANSUU,
      </if>
      <if test="kakakuCls != null">
        KAKAKU_CLS,
      </if>
      <if test="kakaku != null">
        KAKAKU,
      </if>
      <if test="biko != null">
        BIKO,
      </if>
      <if test="kaiinCls != null">
        KAIIN_CLS,
      </if>
      <if test="busuu != null">
        BUSUU,
      </if>
      <if test="deleteFlag != null">
        DELETE_FLAG,
      </if>
      <if test="version != null">
        VERSION,
      </if>
    </trim>
    <trim prefix="values (" suffix=")" suffixOverrides=",">
      <if test="assenhinCd != null">
        #{assenhinCd,jdbcType=NUMERIC},
      </if>
      <if test="hansuu != null">
        #{hansuu,jdbcType=NUMERIC},
      </if>
      <if test="kakakuCls != null">
        #{kakakuCls,jdbcType=NUMERIC},
      </if>
      <if test="kakaku != null">
        #{kakaku,jdbcType=NUMERIC},
      </if>
      <if test="biko != null">
        #{biko,jdbcType=VARCHAR},
      </if>
      <if test="kaiinCls != null">
        #{kaiinCls,jdbcType=NUMERIC},
      </if>
      <if test="busuu != null">
        #{busuu,jdbcType=NUMERIC},
      </if>
      <if test="deleteFlag != null">
        #{deleteFlag,jdbcType=NUMERIC},
      </if>
      <if test="version != null">
        #{version,jdbcType=NUMERIC},
      </if>
    </trim>
  </insert>
  <update id="updateByPrimaryKeySelective" parameterType="ja.zenchu.assenhin.entity.AAssenhinKakaku">
    <!--
      WARNING - @mbg.generated
      This element is automatically generated by MyBatis Generator, do not modify.
      This element was generated on Mon Oct 19 15:52:41 JST 2020.
    -->
    update A_ASSENHIN_KAKAKU
    <set>
      <if test="kakaku != null">
        KAKAKU = #{kakaku,jdbcType=NUMERIC},
      </if>
      <if test="biko != null">
        BIKO = #{biko,jdbcType=VARCHAR},
      </if>
      <if test="kaiinCls != null">
        KAIIN_CLS = #{kaiinCls,jdbcType=NUMERIC},
      </if>
      <if test="busuu != null">
        BUSUU = #{busuu,jdbcType=NUMERIC},
      </if>
      <if test="deleteFlag != null">
        DELETE_FLAG = #{deleteFlag,jdbcType=NUMERIC},
      </if>
      <if test="version != null">
        VERSION = #{version,jdbcType=NUMERIC},
      </if>
    </set>
    where ASSENHIN_CD = #{assenhinCd,jdbcType=NUMERIC}
      and HANSUU = #{hansuu,jdbcType=NUMERIC}
      and KAKAKU_CLS = #{kakakuCls,jdbcType=NUMERIC}
  </update>
  <update id="updateByPrimaryKey" parameterType="ja.zenchu.assenhin.entity.AAssenhinKakaku">
    <!--
      WARNING - @mbg.generated
      This element is automatically generated by MyBatis Generator, do not modify.
      This element was generated on Mon Oct 19 15:52:41 JST 2020.
    -->
    update A_ASSENHIN_KAKAKU
    set KAKAKU = #{kakaku,jdbcType=NUMERIC},
      BIKO = #{biko,jdbcType=VARCHAR},
      KAIIN_CLS = #{kaiinCls,jdbcType=NUMERIC},
      BUSUU = #{busuu,jdbcType=NUMERIC},
      DELETE_FLAG = #{deleteFlag,jdbcType=NUMERIC},
      VERSION = #{version,jdbcType=NUMERIC}
    where ASSENHIN_CD = #{assenhinCd,jdbcType=NUMERIC}
      and HANSUU = #{hansuu,jdbcType=NUMERIC}
      and KAKAKU_CLS = #{kakakuCls,jdbcType=NUMERIC}
  </update>
  <resultMap type="ja.zenchu.assenhin.dto.TokubetsuKakakuDto" id="tokubetuList">
    <id column="ASSENHIN_CD" jdbcType="NUMERIC" property="assenhinCd" />
    <id column="HANSUU" jdbcType="NUMERIC" property="hansuu" />
    <id column="KAKAKU_CLS" jdbcType="NUMERIC" property="kakakuCls" />
    <result column="KAIIN_CLS" jdbcType="NUMERIC" property="kaiinCls" />
    <result column="KAKAKU" jdbcType="NUMERIC" property="tokubetsuKakaku" />
    <result column="BIKO" jdbcType="VARCHAR" property="kakakuName" />
  </resultMap>
  <select id="getTokubetsuKakakuList" resultMap="tokubetuList">
  select
  AK.ASSENHIN_CD
  , AK.HANSUU
  , AK.KAKAKU_CLS
  , AK.KAIIN_CLS
  , AK.KAKAKU
  , AK.BIKO 
from
  A_ASSENHIN_KAKAKU AK
  INNER JOIN A_ASSENHIN AA
  ON AK.ASSENHIN_CD = AA.ASSENHIN_CD AND AK.HANSUU = AA.HANSUU
  AND AA.DELETE_FLAG = 0
where
  AK.ASSENHIN_CD = #{assenhinCd}
  and AK.HANSUU = #{hansuu}
  and AK.KAKAKU_CLS >= 4 <!-- 4以上が特別価格 -->
  and AK.KAIIN_CLS IN 
  <foreach item="kaiinCls" collection="kaiinClsList" open = "(" separator="," close=")">
     #{kaiinCls}
  </foreach>  
  and AK.DELETE_FLAG = 0
order by
 AK.KAKAKU_CLS
  
  </select>
</mapper>