<?xml version="1.0" encoding="UTF-8"?>
<!DOCTYPE mapper PUBLIC "-//mybatis.org//DTD Mapper 3.0//EN" "http://mybatis.org/dtd/mybatis-3-mapper.dtd">
<mapper namespace="ja.zenchu.assenhin.entity.mapper.ACartMapper">
  <resultMap id="BaseResultMap" type="ja.zenchu.assenhin.entity.ACart">
    <!--
      WARNING - @mbg.generated
      This element is automatically generated by MyBatis Generator, do not modify.
      This element was generated on Tue Nov 10 17:37:54 JST 2020.
    -->
    <id column="TORIHIKISAKI_CD" jdbcType="NUMERIC" property="torihikisakiCd" />
    <id column="ASSENHIN_CD" jdbcType="NUMERIC" property="assenhinCd" />
    <id column="HANSUU" jdbcType="NUMERIC" property="hansuu" />
    <result column="CART_SUURYO" jdbcType="NUMERIC" property="cartSuuryo" />
    <result column="DELETE_FLAG" jdbcType="NUMERIC" property="deleteFlag" />
    <result column="KOUSHIN_NICHIJI" jdbcType="TIMESTAMP" property="koushinNichiji" />
    <result column="KOUSHINSHA_CD" jdbcType="NUMERIC" property="koushinshaCd" />
    <result column="VERSION" jdbcType="NUMERIC" property="version" />
  </resultMap>
  <sql id="Base_Column_List">
    <!--
      WARNING - @mbg.generated
      This element is automatically generated by MyBatis Generator, do not modify.
      This element was generated on Tue Nov 10 17:37:54 JST 2020.
    -->
    TORIHIKISAKI_CD, ASSENHIN_CD, HANSUU, CART_SUURYO, DELETE_FLAG, KOUSHIN_NICHIJI, 
    KOUSHINSHA_CD, VERSION
  </sql>
  <select id="selectByPrimaryKey" parameterType="ja.zenchu.assenhin.entity.ACartKey" resultMap="BaseResultMap">
    <!--
      WARNING - @mbg.generated
      This element is automatically generated by MyBatis Generator, do not modify.
      This element was generated on Tue Nov 10 17:37:54 JST 2020.
    -->
    select 
    <include refid="Base_Column_List" />
    from A_CART
    where TORIHIKISAKI_CD = #{torihikisakiCd,jdbcType=NUMERIC}
      and ASSENHIN_CD = #{assenhinCd,jdbcType=NUMERIC}
      and HANSUU = #{hansuu,jdbcType=NUMERIC}
  </select>
  <delete id="deleteByPrimaryKey" parameterType="ja.zenchu.assenhin.entity.ACartKey">
    <!--
      WARNING - @mbg.generated
      This element is automatically generated by MyBatis Generator, do not modify.
      This element was generated on Tue Nov 10 17:37:54 JST 2020.
    -->
    delete from A_CART
    where TORIHIKISAKI_CD = #{torihikisakiCd,jdbcType=NUMERIC}
      and ASSENHIN_CD = #{assenhinCd,jdbcType=NUMERIC}
      and HANSUU = #{hansuu,jdbcType=NUMERIC}
  </delete>
  <insert id="insert" parameterType="ja.zenchu.assenhin.entity.ACart">
    <!--
      WARNING - @mbg.generated
      This element is automatically generated by MyBatis Generator, do not modify.
      This element was generated on Tue Nov 10 17:37:54 JST 2020.
    -->
    insert into A_CART (TORIHIKISAKI_CD, ASSENHIN_CD, HANSUU, 
      CART_SUURYO, DELETE_FLAG, KOUSHIN_NICHIJI, 
      KOUSHINSHA_CD, VERSION)
    values (#{torihikisakiCd,jdbcType=NUMERIC}, #{assenhinCd,jdbcType=NUMERIC}, #{hansuu,jdbcType=NUMERIC}, 
      #{cartSuuryo,jdbcType=NUMERIC}, #{deleteFlag,jdbcType=NUMERIC}, #{koushinNichiji,jdbcType=TIMESTAMP}, 
      #{koushinshaCd,jdbcType=NUMERIC}, #{version,jdbcType=NUMERIC})
  </insert>
  <insert id="insertSelective" parameterType="ja.zenchu.assenhin.entity.ACart">
    <!--
      WARNING - @mbg.generated
      This element is automatically generated by MyBatis Generator, do not modify.
      This element was generated on Tue Nov 10 17:37:54 JST 2020.
    -->
    insert into A_CART
    <trim prefix="(" suffix=")" suffixOverrides=",">
      <if test="torihikisakiCd != null">
        TORIHIKISAKI_CD,
      </if>
      <if test="assenhinCd != null">
        ASSENHIN_CD,
      </if>
      <if test="hansuu != null">
        HANSUU,
      </if>
      <if test="cartSuuryo != null">
        CART_SUURYO,
      </if>
      <if test="deleteFlag != null">
        DELETE_FLAG,
      </if>
      <if test="koushinNichiji != null">
        KOUSHIN_NICHIJI,
      </if>
      <if test="koushinshaCd != null">
        KOUSHINSHA_CD,
      </if>
      <if test="version != null">
        VERSION,
      </if>
    </trim>
    <trim prefix="values (" suffix=")" suffixOverrides=",">
      <if test="torihikisakiCd != null">
        #{torihikisakiCd,jdbcType=NUMERIC},
      </if>
      <if test="assenhinCd != null">
        #{assenhinCd,jdbcType=NUMERIC},
      </if>
      <if test="hansuu != null">
        #{hansuu,jdbcType=NUMERIC},
      </if>
      <if test="cartSuuryo != null">
        #{cartSuuryo,jdbcType=NUMERIC},
      </if>
      <if test="deleteFlag != null">
        #{deleteFlag,jdbcType=NUMERIC},
      </if>
      <if test="koushinNichiji != null">
        #{koushinNichiji,jdbcType=TIMESTAMP},
      </if>
      <if test="koushinshaCd != null">
        #{koushinshaCd,jdbcType=NUMERIC},
      </if>
      <if test="version != null">
        #{version,jdbcType=NUMERIC},
      </if>
    </trim>
  </insert>
  <update id="updateByPrimaryKeySelective" parameterType="ja.zenchu.assenhin.entity.ACart">
    <!--
      WARNING - @mbg.generated
      This element is automatically generated by MyBatis Generator, do not modify.
      This element was generated on Tue Nov 10 17:37:54 JST 2020.
    -->
    update A_CART
    <set>
      <if test="cartSuuryo != null">
        CART_SUURYO = #{cartSuuryo,jdbcType=NUMERIC},
      </if>
      <if test="deleteFlag != null">
        DELETE_FLAG = #{deleteFlag,jdbcType=NUMERIC},
      </if>
      <if test="koushinNichiji != null">
        KOUSHIN_NICHIJI = #{koushinNichiji,jdbcType=TIMESTAMP},
      </if>
      <if test="koushinshaCd != null">
        KOUSHINSHA_CD = #{koushinshaCd,jdbcType=NUMERIC},
      </if>
      <if test="version != null">
        VERSION = #{version,jdbcType=NUMERIC},
      </if>
    </set>
    where TORIHIKISAKI_CD = #{torihikisakiCd,jdbcType=NUMERIC}
      and ASSENHIN_CD = #{assenhinCd,jdbcType=NUMERIC}
      and HANSUU = #{hansuu,jdbcType=NUMERIC}
  </update>
  <update id="updateByPrimaryKey" parameterType="ja.zenchu.assenhin.entity.ACart">
    <!--
      WARNING - @mbg.generated
      This element is automatically generated by MyBatis Generator, do not modify.
      This element was generated on Tue Nov 10 17:37:54 JST 2020.
    -->
    update A_CART
    set CART_SUURYO = #{cartSuuryo,jdbcType=NUMERIC},
      DELETE_FLAG = #{deleteFlag,jdbcType=NUMERIC},
      KOUSHIN_NICHIJI = #{koushinNichiji,jdbcType=TIMESTAMP},
      KOUSHINSHA_CD = #{koushinshaCd,jdbcType=NUMERIC},
      VERSION = #{version,jdbcType=NUMERIC}
    where TORIHIKISAKI_CD = #{torihikisakiCd,jdbcType=NUMERIC}
      and ASSENHIN_CD = #{assenhinCd,jdbcType=NUMERIC}
      and HANSUU = #{hansuu,jdbcType=NUMERIC}
  </update>
  <delete id="deleteByTorihikisakiCd">
    delete from A_CART
    where TORIHIKISAKI_CD = #{torihikisakiCd,jdbcType=NUMERIC}
  </delete>
  <select id="getCartCount" resultType="INTEGER">
    select count(*) from A_CART
    where TORIHIKISAKI_CD = #{torihikisakiCd,jdbcType=NUMERIC}
  </select>
  <resultMap type="ja.zenchu.assenhin.dto.CartListDto" id="cartlist">
    <id column="ASSENHIN_CD" jdbcType="NUMERIC" property="assenhinCd" />
    <id column="ASSENHIN_CD" jdbcType="NUMERIC" property="assenhinCd" />
    <id column="HANSUU" jdbcType="NUMERIC" property="hansuu" />
    <result column="CART_SUURYO" jdbcType="NUMERIC" property="thumonSuu" />
    <result column="ASSENHIN_NAME" jdbcType="VARCHAR" property="assenhinName" />
    <result column="BUSHO_NAME" jdbcType="VARCHAR" property="bushoName" />
    <result column="KAKAKU" jdbcType="NUMERIC" property="kakaku" />
    <result column="KAKAKU_CLS" jdbcType="NUMERIC" property="kakakuCls"/>
    <result column="YOYAKU_CLS" jdbcType="NUMERIC" property="yoyakuCls"/>
    <result column="HATTYUGO_ZAIKOSUU" jdbcType="NUMERIC" property="zaikoSuu" />
    <result column="VERSION" jdbcType="NUMERIC" property="version" />
  </resultMap>
  <select id="searchCartList" resultMap="cartlist">
select
  AC.ASSENHIN_CD
  , AC.HANSUU
  , AA.ASSENHIN_NAME
  , MT.TORIHIKISAKI_NAME AS BUSHO_NAME
  , AC.CART_SUURYO
  , AK.KAKAKU
  , AK.KAKAKU_CLS
  , AA.YOYAKU_CLS
  , AZ.HATTYUGO_ZAIKOSUU
  , AC.VERSION 
from
  A_CART AC 
  INNER JOIN A_ASSENHIN AA ON AC.ASSENHIN_CD = AA.ASSENHIN_CD AND AC.HANSUU = AA.HANSUU
  AND AA.DELETE_FLAG = 0
  INNER JOIN A_ASSENHIN_KAKAKU AK ON AA.ASSENHIN_CD = AK.ASSENHIN_CD AND AA.HANSUU = AK.HANSUU
  AND AK.KAKAKU_CLS = #{kakakuSetteiCls}
  INNER JOIN A_ZAIKO AZ ON AA.ASSENHIN_CD = AZ.ASSENHIN_CD AND AA.HANSUU = AZ.HANSUU
  INNER JOIN M_TORIHIKISAKI MT
  ON AA.ZENTYU_BUSHO_CD = MT.TORIHIKISAKI_CD AND #{kijunbi} BETWEEN MT.TEKIYO_KAISHIBI AND MT.TEKIYO_SYURYOBI AND MT.DELETE_FLAG = 0
where
  AC.TORIHIKISAKI_CD = #{torihikisakiCd}
order by
  AC.TORIHIKISAKI_CD
  , AC.ASSENHIN_CD
  , AC.HANSUU
  
  </select>
  <update id="updateThumonSuu">
     update A_CART
     set CART_SUURYO=#{thumonSuu},
       VERSION = #{version,jdbcType=NUMERIC} + 1
     where TORIHIKISAKI_CD = #{torihikisakiCd,jdbcType=NUMERIC}
      and ASSENHIN_CD = #{assenhinCd,jdbcType=NUMERIC}
      and HANSUU = #{hansuu,jdbcType=NUMERIC}
      and version = #{version,jdbcType=NUMERIC}
  </update>
</mapper>