<?xml version="1.0" encoding="UTF-8"?>
<!DOCTYPE mapper PUBLIC "-//mybatis.org//DTD Mapper 3.0//EN" "http://mybatis.org/dtd/mybatis-3-mapper.dtd">
<mapper namespace="ja.zenchu.assenhin.entity.mapper.AJuhattyuMeisaiMapper">
  <resultMap id="BaseResultMap" type="ja.zenchu.assenhin.entity.AJuhattyuMeisai">
    <!--
      WARNING - @mbg.generated
      This element is automatically generated by MyBatis Generator, do not modify.
      This element was generated on Tue Nov 10 18:37:02 JST 2020.
    -->
    <id column="NENDO" jdbcType="NUMERIC" property="nendo" />
    <id column="JUHATTYU_CD" jdbcType="NUMERIC" property="juhattyuCd" />
    <id column="JUHATTYU_MEISAI_CD" jdbcType="NUMERIC" property="juhattyuMeisaiCd" />
    <result column="HATTYUMOTO_CD" jdbcType="NUMERIC" property="hattyumotoCd" />
    <result column="UKEIRE_KYOKYU_CLS" jdbcType="NUMERIC" property="ukeireKyokyuCls" />
    <result column="HASSOSAKI_CD" jdbcType="NUMERIC" property="hassosakiCd" />
    <result column="HASSOSAKI_NAME" jdbcType="VARCHAR" property="hassosakiName" />
    <result column="YUBIN_NUM" jdbcType="VARCHAR" property="yubinNum" />
    <result column="ADDRESS" jdbcType="VARCHAR" property="address" />
    <result column="TTEL_NUM" jdbcType="VARCHAR" property="ttelNum" />
    <result column="HASSOSAKI_BUSHO" jdbcType="VARCHAR" property="hassosakiBusho" />
    <result column="SEIKYUSAKI_CD" jdbcType="NUMERIC" property="seikyusakiCd" />
    <result column="ASSENHIN_CD" jdbcType="NUMERIC" property="assenhinCd" />
    <result column="HANSUU" jdbcType="NUMERIC" property="hansuu" />
    <result column="HATTYU_SUURYO" jdbcType="NUMERIC" property="hattyuSuuryo" />
    <result column="NYUSYUKKO_SUURYO" jdbcType="NUMERIC" property="nyusyukkoSuuryo" />
    <result column="KAKAKU_CLS" jdbcType="NUMERIC" property="kakakuCls" />
    <result column="TANKA" jdbcType="NUMERIC" property="tanka" />
    <result column="KINGAKU" jdbcType="NUMERIC" property="kingaku" />
    <result column="HENPINBI" jdbcType="TIMESTAMP" property="henpinbi" />
    <result column="HENPINMAE_SUURYO" jdbcType="NUMERIC" property="henpinmaeSuuryo" />
    <result column="HENPIN_NENDO" jdbcType="NUMERIC" property="henpinNendo" />
    <result column="HENPIN_CD" jdbcType="NUMERIC" property="henpinCd" />
    <result column="HENPIN_MEISAI_CD" jdbcType="NUMERIC" property="henpinMeisaiCd" />
    <result column="SYUKKOBI" jdbcType="TIMESTAMP" property="syukkobi" />
    <result column="SYUKKO_FLAG" jdbcType="NUMERIC" property="syukkoFlag" />
    <result column="KAIKEI_RENDOBI" jdbcType="TIMESTAMP" property="kaikeiRendobi" />
    <result column="KAIKEI_RENDO_FLAG" jdbcType="NUMERIC" property="kaikeiRendoFlag" />
    <result column="KENTYU_RENDO_FLAG" jdbcType="NUMERIC" property="kentyuRendoFlag" />
    <result column="SHOKI_SUURYO" jdbcType="NUMERIC" property="shokiSuuryo" />
    <result column="RENDO_SUURYO" jdbcType="NUMERIC" property="rendoSuuryo" />
    <result column="JUHATTYUBI" jdbcType="TIMESTAMP" property="juhattyubi" />
    <result column="YOYAKU_FLAG" jdbcType="NUMERIC" property="yoyakuFlag" />
    <result column="SEIKYUSHO_OUT_FLAG" jdbcType="NUMERIC" property="seikyushoOutFlag" />
    <result column="ZENTYU_BUSHO_CD" jdbcType="NUMERIC" property="zentyuBushoCd" />
    <result column="SOUJUURYO" jdbcType="NUMERIC" property="soujuuryo" />
    <result column="TYUMONSHA_CD" jdbcType="NUMERIC" property="tyumonshaCd" />
    <result column="TYUMONSHA" jdbcType="VARCHAR" property="tyumonsha" />
    <result column="KAIIN_CLS" jdbcType="NUMERIC" property="kaiinCls" />
    <result column="BIKO" jdbcType="VARCHAR" property="biko" />
    <result column="DELETE_FLAG" jdbcType="NUMERIC" property="deleteFlag" />
    <result column="VERSION" jdbcType="NUMERIC" property="version" />
  </resultMap>
  <sql id="Base_Column_List">
    <!--
      WARNING - @mbg.generated
      This element is automatically generated by MyBatis Generator, do not modify.
      This element was generated on Tue Nov 10 18:37:02 JST 2020.
    -->
    NENDO, JUHATTYU_CD, JUHATTYU_MEISAI_CD, HATTYUMOTO_CD, UKEIRE_KYOKYU_CLS, HASSOSAKI_CD, 
    HASSOSAKI_NAME, YUBIN_NUM, ADDRESS, TTEL_NUM, HASSOSAKI_BUSHO, SEIKYUSAKI_CD, ASSENHIN_CD, 
    HANSUU, HATTYU_SUURYO, NYUSYUKKO_SUURYO, KAKAKU_CLS, TANKA, KINGAKU, HENPINBI, HENPINMAE_SUURYO, 
    HENPIN_NENDO, HENPIN_CD, HENPIN_MEISAI_CD, SYUKKOBI, SYUKKO_FLAG, KAIKEI_RENDOBI, 
    KAIKEI_RENDO_FLAG, KENTYU_RENDO_FLAG, SHOKI_SUURYO, RENDO_SUURYO, JUHATTYUBI, YOYAKU_FLAG, 
    SEIKYUSHO_OUT_FLAG, ZENTYU_BUSHO_CD, SOUJUURYO, TYUMONSHA_CD, TYUMONSHA, KAIIN_CLS, 
    BIKO, DELETE_FLAG, VERSION
  </sql>
  <select id="selectByPrimaryKey" parameterType="ja.zenchu.assenhin.entity.AJuhattyuMeisaiKey" resultMap="BaseResultMap">
    <!--
      WARNING - @mbg.generated
      This element is automatically generated by MyBatis Generator, do not modify.
      This element was generated on Tue Nov 10 18:37:02 JST 2020.
    -->
    select 
    <include refid="Base_Column_List" />
    from A_JUHATTYU_MEISAI
    where NENDO = #{nendo,jdbcType=NUMERIC}
      and JUHATTYU_CD = #{juhattyuCd,jdbcType=NUMERIC}
      and JUHATTYU_MEISAI_CD = #{juhattyuMeisaiCd,jdbcType=NUMERIC}
  </select>
  <delete id="deleteByPrimaryKey" parameterType="ja.zenchu.assenhin.entity.AJuhattyuMeisaiKey">
    <!--
      WARNING - @mbg.generated
      This element is automatically generated by MyBatis Generator, do not modify.
      This element was generated on Tue Nov 10 18:37:02 JST 2020.
    -->
    delete from A_JUHATTYU_MEISAI
    where NENDO = #{nendo,jdbcType=NUMERIC}
      and JUHATTYU_CD = #{juhattyuCd,jdbcType=NUMERIC}
      and JUHATTYU_MEISAI_CD = #{juhattyuMeisaiCd,jdbcType=NUMERIC}
  </delete>
  <insert id="insert" parameterType="ja.zenchu.assenhin.entity.AJuhattyuMeisai">
    <!--
      WARNING - @mbg.generated
      This element is automatically generated by MyBatis Generator, do not modify.
      This element was generated on Tue Nov 10 18:37:02 JST 2020.
    -->
    insert into A_JUHATTYU_MEISAI (NENDO, JUHATTYU_CD, JUHATTYU_MEISAI_CD, 
      HATTYUMOTO_CD, UKEIRE_KYOKYU_CLS, HASSOSAKI_CD, 
      HASSOSAKI_NAME, YUBIN_NUM, ADDRESS, 
      TTEL_NUM, HASSOSAKI_BUSHO, SEIKYUSAKI_CD, 
      ASSENHIN_CD, HANSUU, HATTYU_SUURYO, 
      NYUSYUKKO_SUURYO, KAKAKU_CLS, TANKA, 
      KINGAKU, HENPINBI, HENPINMAE_SUURYO, 
      HENPIN_NENDO, HENPIN_CD, HENPIN_MEISAI_CD, 
      SYUKKOBI, SYUKKO_FLAG, KAIKEI_RENDOBI, 
      KAIKEI_RENDO_FLAG, KENTYU_RENDO_FLAG, SHOKI_SUURYO, 
      RENDO_SUURYO, JUHATTYUBI, YOYAKU_FLAG, 
      SEIKYUSHO_OUT_FLAG, ZENTYU_BUSHO_CD, SOUJUURYO, 
      TYUMONSHA_CD, TYUMONSHA, KAIIN_CLS, 
      BIKO, DELETE_FLAG, VERSION
      )
    values (#{nendo,jdbcType=NUMERIC}, #{juhattyuCd,jdbcType=NUMERIC}, #{juhattyuMeisaiCd,jdbcType=NUMERIC}, 
      #{hattyumotoCd,jdbcType=NUMERIC}, #{ukeireKyokyuCls,jdbcType=NUMERIC}, #{hassosakiCd,jdbcType=NUMERIC}, 
      #{hassosakiName,jdbcType=VARCHAR}, #{yubinNum,jdbcType=VARCHAR}, #{address,jdbcType=VARCHAR}, 
      #{ttelNum,jdbcType=VARCHAR}, #{hassosakiBusho,jdbcType=VARCHAR}, #{seikyusakiCd,jdbcType=NUMERIC}, 
      #{assenhinCd,jdbcType=NUMERIC}, #{hansuu,jdbcType=NUMERIC}, #{hattyuSuuryo,jdbcType=NUMERIC}, 
      #{nyusyukkoSuuryo,jdbcType=NUMERIC}, #{kakakuCls,jdbcType=NUMERIC}, #{tanka,jdbcType=NUMERIC}, 
      #{kingaku,jdbcType=NUMERIC}, #{henpinbi,jdbcType=TIMESTAMP}, #{henpinmaeSuuryo,jdbcType=NUMERIC}, 
      #{henpinNendo,jdbcType=NUMERIC}, #{henpinCd,jdbcType=NUMERIC}, #{henpinMeisaiCd,jdbcType=NUMERIC}, 
      #{syukkobi,jdbcType=TIMESTAMP}, #{syukkoFlag,jdbcType=NUMERIC}, #{kaikeiRendobi,jdbcType=TIMESTAMP}, 
      #{kaikeiRendoFlag,jdbcType=NUMERIC}, #{kentyuRendoFlag,jdbcType=NUMERIC}, #{shokiSuuryo,jdbcType=NUMERIC}, 
      #{rendoSuuryo,jdbcType=NUMERIC}, #{juhattyubi,jdbcType=TIMESTAMP}, #{yoyakuFlag,jdbcType=NUMERIC}, 
      #{seikyushoOutFlag,jdbcType=NUMERIC}, #{zentyuBushoCd,jdbcType=NUMERIC}, #{soujuuryo,jdbcType=NUMERIC}, 
      #{tyumonshaCd,jdbcType=NUMERIC}, #{tyumonsha,jdbcType=VARCHAR}, #{kaiinCls,jdbcType=NUMERIC}, 
      #{biko,jdbcType=VARCHAR}, #{deleteFlag,jdbcType=NUMERIC}, #{version,jdbcType=NUMERIC}
      )
  </insert>
  <insert id="insertSelective" parameterType="ja.zenchu.assenhin.entity.AJuhattyuMeisai">
    <!--
      WARNING - @mbg.generated
      This element is automatically generated by MyBatis Generator, do not modify.
      This element was generated on Tue Nov 10 18:37:02 JST 2020.
    -->
    insert into A_JUHATTYU_MEISAI
    <trim prefix="(" suffix=")" suffixOverrides=",">
      <if test="nendo != null">
        NENDO,
      </if>
      <if test="juhattyuCd != null">
        JUHATTYU_CD,
      </if>
      <if test="juhattyuMeisaiCd != null">
        JUHATTYU_MEISAI_CD,
      </if>
      <if test="hattyumotoCd != null">
        HATTYUMOTO_CD,
      </if>
      <if test="ukeireKyokyuCls != null">
        UKEIRE_KYOKYU_CLS,
      </if>
      <if test="hassosakiCd != null">
        HASSOSAKI_CD,
      </if>
      <if test="hassosakiName != null">
        HASSOSAKI_NAME,
      </if>
      <if test="yubinNum != null">
        YUBIN_NUM,
      </if>
      <if test="address != null">
        ADDRESS,
      </if>
      <if test="ttelNum != null">
        TTEL_NUM,
      </if>
      <if test="hassosakiBusho != null">
        HASSOSAKI_BUSHO,
      </if>
      <if test="seikyusakiCd != null">
        SEIKYUSAKI_CD,
      </if>
      <if test="assenhinCd != null">
        ASSENHIN_CD,
      </if>
      <if test="hansuu != null">
        HANSUU,
      </if>
      <if test="hattyuSuuryo != null">
        HATTYU_SUURYO,
      </if>
      <if test="nyusyukkoSuuryo != null">
        NYUSYUKKO_SUURYO,
      </if>
      <if test="kakakuCls != null">
        KAKAKU_CLS,
      </if>
      <if test="tanka != null">
        TANKA,
      </if>
      <if test="kingaku != null">
        KINGAKU,
      </if>
      <if test="henpinbi != null">
        HENPINBI,
      </if>
      <if test="henpinmaeSuuryo != null">
        HENPINMAE_SUURYO,
      </if>
      <if test="henpinNendo != null">
        HENPIN_NENDO,
      </if>
      <if test="henpinCd != null">
        HENPIN_CD,
      </if>
      <if test="henpinMeisaiCd != null">
        HENPIN_MEISAI_CD,
      </if>
      <if test="syukkobi != null">
        SYUKKOBI,
      </if>
      <if test="syukkoFlag != null">
        SYUKKO_FLAG,
      </if>
      <if test="kaikeiRendobi != null">
        KAIKEI_RENDOBI,
      </if>
      <if test="kaikeiRendoFlag != null">
        KAIKEI_RENDO_FLAG,
      </if>
      <if test="kentyuRendoFlag != null">
        KENTYU_RENDO_FLAG,
      </if>
      <if test="shokiSuuryo != null">
        SHOKI_SUURYO,
      </if>
      <if test="rendoSuuryo != null">
        RENDO_SUURYO,
      </if>
      <if test="juhattyubi != null">
        JUHATTYUBI,
      </if>
      <if test="yoyakuFlag != null">
        YOYAKU_FLAG,
      </if>
      <if test="seikyushoOutFlag != null">
        SEIKYUSHO_OUT_FLAG,
      </if>
      <if test="zentyuBushoCd != null">
        ZENTYU_BUSHO_CD,
      </if>
      <if test="soujuuryo != null">
        SOUJUURYO,
      </if>
      <if test="tyumonshaCd != null">
        TYUMONSHA_CD,
      </if>
      <if test="tyumonsha != null">
        TYUMONSHA,
      </if>
      <if test="kaiinCls != null">
        KAIIN_CLS,
      </if>
      <if test="biko != null">
        BIKO,
      </if>
      <if test="deleteFlag != null">
        DELETE_FLAG,
      </if>
      <if test="version != null">
        VERSION,
      </if>
    </trim>
    <trim prefix="values (" suffix=")" suffixOverrides=",">
      <if test="nendo != null">
        #{nendo,jdbcType=NUMERIC},
      </if>
      <if test="juhattyuCd != null">
        #{juhattyuCd,jdbcType=NUMERIC},
      </if>
      <if test="juhattyuMeisaiCd != null">
        #{juhattyuMeisaiCd,jdbcType=NUMERIC},
      </if>
      <if test="hattyumotoCd != null">
        #{hattyumotoCd,jdbcType=NUMERIC},
      </if>
      <if test="ukeireKyokyuCls != null">
        #{ukeireKyokyuCls,jdbcType=NUMERIC},
      </if>
      <if test="hassosakiCd != null">
        #{hassosakiCd,jdbcType=NUMERIC},
      </if>
      <if test="hassosakiName != null">
        #{hassosakiName,jdbcType=VARCHAR},
      </if>
      <if test="yubinNum != null">
        #{yubinNum,jdbcType=VARCHAR},
      </if>
      <if test="address != null">
        #{address,jdbcType=VARCHAR},
      </if>
      <if test="ttelNum != null">
        #{ttelNum,jdbcType=VARCHAR},
      </if>
      <if test="hassosakiBusho != null">
        #{hassosakiBusho,jdbcType=VARCHAR},
      </if>
      <if test="seikyusakiCd != null">
        #{seikyusakiCd,jdbcType=NUMERIC},
      </if>
      <if test="assenhinCd != null">
        #{assenhinCd,jdbcType=NUMERIC},
      </if>
      <if test="hansuu != null">
        #{hansuu,jdbcType=NUMERIC},
      </if>
      <if test="hattyuSuuryo != null">
        #{hattyuSuuryo,jdbcType=NUMERIC},
      </if>
      <if test="nyusyukkoSuuryo != null">
        #{nyusyukkoSuuryo,jdbcType=NUMERIC},
      </if>
      <if test="kakakuCls != null">
        #{kakakuCls,jdbcType=NUMERIC},
      </if>
      <if test="tanka != null">
        #{tanka,jdbcType=NUMERIC},
      </if>
      <if test="kingaku != null">
        #{kingaku,jdbcType=NUMERIC},
      </if>
      <if test="henpinbi != null">
        #{henpinbi,jdbcType=TIMESTAMP},
      </if>
      <if test="henpinmaeSuuryo != null">
        #{henpinmaeSuuryo,jdbcType=NUMERIC},
      </if>
      <if test="henpinNendo != null">
        #{henpinNendo,jdbcType=NUMERIC},
      </if>
      <if test="henpinCd != null">
        #{henpinCd,jdbcType=NUMERIC},
      </if>
      <if test="henpinMeisaiCd != null">
        #{henpinMeisaiCd,jdbcType=NUMERIC},
      </if>
      <if test="syukkobi != null">
        #{syukkobi,jdbcType=TIMESTAMP},
      </if>
      <if test="syukkoFlag != null">
        #{syukkoFlag,jdbcType=NUMERIC},
      </if>
      <if test="kaikeiRendobi != null">
        #{kaikeiRendobi,jdbcType=TIMESTAMP},
      </if>
      <if test="kaikeiRendoFlag != null">
        #{kaikeiRendoFlag,jdbcType=NUMERIC},
      </if>
      <if test="kentyuRendoFlag != null">
        #{kentyuRendoFlag,jdbcType=NUMERIC},
      </if>
      <if test="shokiSuuryo != null">
        #{shokiSuuryo,jdbcType=NUMERIC},
      </if>
      <if test="rendoSuuryo != null">
        #{rendoSuuryo,jdbcType=NUMERIC},
      </if>
      <if test="juhattyubi != null">
        #{juhattyubi,jdbcType=TIMESTAMP},
      </if>
      <if test="yoyakuFlag != null">
        #{yoyakuFlag,jdbcType=NUMERIC},
      </if>
      <if test="seikyushoOutFlag != null">
        #{seikyushoOutFlag,jdbcType=NUMERIC},
      </if>
      <if test="zentyuBushoCd != null">
        #{zentyuBushoCd,jdbcType=NUMERIC},
      </if>
      <if test="soujuuryo != null">
        #{soujuuryo,jdbcType=NUMERIC},
      </if>
      <if test="tyumonshaCd != null">
        #{tyumonshaCd,jdbcType=NUMERIC},
      </if>
      <if test="tyumonsha != null">
        #{tyumonsha,jdbcType=VARCHAR},
      </if>
      <if test="kaiinCls != null">
        #{kaiinCls,jdbcType=NUMERIC},
      </if>
      <if test="biko != null">
        #{biko,jdbcType=VARCHAR},
      </if>
      <if test="deleteFlag != null">
        #{deleteFlag,jdbcType=NUMERIC},
      </if>
      <if test="version != null">
        #{version,jdbcType=NUMERIC},
      </if>
    </trim>
  </insert>
  <update id="updateByPrimaryKeySelective" parameterType="ja.zenchu.assenhin.entity.AJuhattyuMeisai">
    <!--
      WARNING - @mbg.generated
      This element is automatically generated by MyBatis Generator, do not modify.
      This element was generated on Tue Nov 10 18:37:02 JST 2020.
    -->
    update A_JUHATTYU_MEISAI
    <set>
      <if test="hattyumotoCd != null">
        HATTYUMOTO_CD = #{hattyumotoCd,jdbcType=NUMERIC},
      </if>
      <if test="ukeireKyokyuCls != null">
        UKEIRE_KYOKYU_CLS = #{ukeireKyokyuCls,jdbcType=NUMERIC},
      </if>
      <if test="hassosakiCd != null">
        HASSOSAKI_CD = #{hassosakiCd,jdbcType=NUMERIC},
      </if>
      <if test="hassosakiName != null">
        HASSOSAKI_NAME = #{hassosakiName,jdbcType=VARCHAR},
      </if>
      <if test="yubinNum != null">
        YUBIN_NUM = #{yubinNum,jdbcType=VARCHAR},
      </if>
      <if test="address != null">
        ADDRESS = #{address,jdbcType=VARCHAR},
      </if>
      <if test="ttelNum != null">
        TTEL_NUM = #{ttelNum,jdbcType=VARCHAR},
      </if>
      <if test="hassosakiBusho != null">
        HASSOSAKI_BUSHO = #{hassosakiBusho,jdbcType=VARCHAR},
      </if>
      <if test="seikyusakiCd != null">
        SEIKYUSAKI_CD = #{seikyusakiCd,jdbcType=NUMERIC},
      </if>
      <if test="assenhinCd != null">
        ASSENHIN_CD = #{assenhinCd,jdbcType=NUMERIC},
      </if>
      <if test="hansuu != null">
        HANSUU = #{hansuu,jdbcType=NUMERIC},
      </if>
      <if test="hattyuSuuryo != null">
        HATTYU_SUURYO = #{hattyuSuuryo,jdbcType=NUMERIC},
      </if>
      <if test="nyusyukkoSuuryo != null">
        NYUSYUKKO_SUURYO = #{nyusyukkoSuuryo,jdbcType=NUMERIC},
      </if>
      <if test="kakakuCls != null">
        KAKAKU_CLS = #{kakakuCls,jdbcType=NUMERIC},
      </if>
      <if test="tanka != null">
        TANKA = #{tanka,jdbcType=NUMERIC},
      </if>
      <if test="kingaku != null">
        KINGAKU = #{kingaku,jdbcType=NUMERIC},
      </if>
      <if test="henpinbi != null">
        HENPINBI = #{henpinbi,jdbcType=TIMESTAMP},
      </if>
      <if test="henpinmaeSuuryo != null">
        HENPINMAE_SUURYO = #{henpinmaeSuuryo,jdbcType=NUMERIC},
      </if>
      <if test="henpinNendo != null">
        HENPIN_NENDO = #{henpinNendo,jdbcType=NUMERIC},
      </if>
      <if test="henpinCd != null">
        HENPIN_CD = #{henpinCd,jdbcType=NUMERIC},
      </if>
      <if test="henpinMeisaiCd != null">
        HENPIN_MEISAI_CD = #{henpinMeisaiCd,jdbcType=NUMERIC},
      </if>
      <if test="syukkobi != null">
        SYUKKOBI = #{syukkobi,jdbcType=TIMESTAMP},
      </if>
      <if test="syukkoFlag != null">
        SYUKKO_FLAG = #{syukkoFlag,jdbcType=NUMERIC},
      </if>
      <if test="kaikeiRendobi != null">
        KAIKEI_RENDOBI = #{kaikeiRendobi,jdbcType=TIMESTAMP},
      </if>
      <if test="kaikeiRendoFlag != null">
        KAIKEI_RENDO_FLAG = #{kaikeiRendoFlag,jdbcType=NUMERIC},
      </if>
      <if test="kentyuRendoFlag != null">
        KENTYU_RENDO_FLAG = #{kentyuRendoFlag,jdbcType=NUMERIC},
      </if>
      <if test="shokiSuuryo != null">
        SHOKI_SUURYO = #{shokiSuuryo,jdbcType=NUMERIC},
      </if>
      <if test="rendoSuuryo != null">
        RENDO_SUURYO = #{rendoSuuryo,jdbcType=NUMERIC},
      </if>
      <if test="juhattyubi != null">
        JUHATTYUBI = #{juhattyubi,jdbcType=TIMESTAMP},
      </if>
      <if test="yoyakuFlag != null">
        YOYAKU_FLAG = #{yoyakuFlag,jdbcType=NUMERIC},
      </if>
      <if test="seikyushoOutFlag != null">
        SEIKYUSHO_OUT_FLAG = #{seikyushoOutFlag,jdbcType=NUMERIC},
      </if>
      <if test="zentyuBushoCd != null">
        ZENTYU_BUSHO_CD = #{zentyuBushoCd,jdbcType=NUMERIC},
      </if>
      <if test="soujuuryo != null">
        SOUJUURYO = #{soujuuryo,jdbcType=NUMERIC},
      </if>
      <if test="tyumonshaCd != null">
        TYUMONSHA_CD = #{tyumonshaCd,jdbcType=NUMERIC},
      </if>
      <if test="tyumonsha != null">
        TYUMONSHA = #{tyumonsha,jdbcType=VARCHAR},
      </if>
      <if test="kaiinCls != null">
        KAIIN_CLS = #{kaiinCls,jdbcType=NUMERIC},
      </if>
      <if test="biko != null">
        BIKO = #{biko,jdbcType=VARCHAR},
      </if>
      <if test="deleteFlag != null">
        DELETE_FLAG = #{deleteFlag,jdbcType=NUMERIC},
      </if>
      <if test="version != null">
        VERSION = #{version,jdbcType=NUMERIC},
      </if>
    </set>
    where NENDO = #{nendo,jdbcType=NUMERIC}
      and JUHATTYU_CD = #{juhattyuCd,jdbcType=NUMERIC}
      and JUHATTYU_MEISAI_CD = #{juhattyuMeisaiCd,jdbcType=NUMERIC}
  </update>
  <update id="updateByPrimaryKey" parameterType="ja.zenchu.assenhin.entity.AJuhattyuMeisai">
    <!--
      WARNING - @mbg.generated
      This element is automatically generated by MyBatis Generator, do not modify.
      This element was generated on Tue Nov 10 18:37:02 JST 2020.
    -->
    update A_JUHATTYU_MEISAI
    set HATTYUMOTO_CD = #{hattyumotoCd,jdbcType=NUMERIC},
      UKEIRE_KYOKYU_CLS = #{ukeireKyokyuCls,jdbcType=NUMERIC},
      HASSOSAKI_CD = #{hassosakiCd,jdbcType=NUMERIC},
      HASSOSAKI_NAME = #{hassosakiName,jdbcType=VARCHAR},
      YUBIN_NUM = #{yubinNum,jdbcType=VARCHAR},
      ADDRESS = #{address,jdbcType=VARCHAR},
      TTEL_NUM = #{ttelNum,jdbcType=VARCHAR},
      HASSOSAKI_BUSHO = #{hassosakiBusho,jdbcType=VARCHAR},
      SEIKYUSAKI_CD = #{seikyusakiCd,jdbcType=NUMERIC},
      ASSENHIN_CD = #{assenhinCd,jdbcType=NUMERIC},
      HANSUU = #{hansuu,jdbcType=NUMERIC},
      HATTYU_SUURYO = #{hattyuSuuryo,jdbcType=NUMERIC},
      NYUSYUKKO_SUURYO = #{nyusyukkoSuuryo,jdbcType=NUMERIC},
      KAKAKU_CLS = #{kakakuCls,jdbcType=NUMERIC},
      TANKA = #{tanka,jdbcType=NUMERIC},
      KINGAKU = #{kingaku,jdbcType=NUMERIC},
      HENPINBI = #{henpinbi,jdbcType=TIMESTAMP},
      HENPINMAE_SUURYO = #{henpinmaeSuuryo,jdbcType=NUMERIC},
      HENPIN_NENDO = #{henpinNendo,jdbcType=NUMERIC},
      HENPIN_CD = #{henpinCd,jdbcType=NUMERIC},
      HENPIN_MEISAI_CD = #{henpinMeisaiCd,jdbcType=NUMERIC},
      SYUKKOBI = #{syukkobi,jdbcType=TIMESTAMP},
      SYUKKO_FLAG = #{syukkoFlag,jdbcType=NUMERIC},
      KAIKEI_RENDOBI = #{kaikeiRendobi,jdbcType=TIMESTAMP},
      KAIKEI_RENDO_FLAG = #{kaikeiRendoFlag,jdbcType=NUMERIC},
      KENTYU_RENDO_FLAG = #{kentyuRendoFlag,jdbcType=NUMERIC},
      SHOKI_SUURYO = #{shokiSuuryo,jdbcType=NUMERIC},
      RENDO_SUURYO = #{rendoSuuryo,jdbcType=NUMERIC},
      JUHATTYUBI = #{juhattyubi,jdbcType=TIMESTAMP},
      YOYAKU_FLAG = #{yoyakuFlag,jdbcType=NUMERIC},
      SEIKYUSHO_OUT_FLAG = #{seikyushoOutFlag,jdbcType=NUMERIC},
      ZENTYU_BUSHO_CD = #{zentyuBushoCd,jdbcType=NUMERIC},
      SOUJUURYO = #{soujuuryo,jdbcType=NUMERIC},
      TYUMONSHA_CD = #{tyumonshaCd,jdbcType=NUMERIC},
      TYUMONSHA = #{tyumonsha,jdbcType=VARCHAR},
      KAIIN_CLS = #{kaiinCls,jdbcType=NUMERIC},
      BIKO = #{biko,jdbcType=VARCHAR},
      DELETE_FLAG = #{deleteFlag,jdbcType=NUMERIC},
      VERSION = #{version,jdbcType=NUMERIC}
    where NENDO = #{nendo,jdbcType=NUMERIC}
      and JUHATTYU_CD = #{juhattyuCd,jdbcType=NUMERIC}
      and JUHATTYU_MEISAI_CD = #{juhattyuMeisaiCd,jdbcType=NUMERIC}
  </update>
  <resultMap type="ja.zenchu.assenhin.dto.HistoryListDto" id="searchHistory">
    <id column="NENDO" jdbcType="NUMERIC" property="nendo" />
    <id column="JUHATTYU_CD" jdbcType="NUMERIC" property="juhattyuCd" />
    <id column="JUHATTYU_MEISAI_CD" jdbcType="NUMERIC" property="juhattyuMeisaiCd" />
    <result column="HATTYUMOTO_CD" jdbcType="NUMERIC" property="torihikisakiCd" />
    <result column="JUHATTYUBI" jdbcType="TIMESTAMP" property="juhattyubi" />
    <result column="ASSENHIN_NAME" jdbcType="VARCHAR" property="assenhinName" />
    <result column="ASSENHIN_CD" jdbcType="NUMERIC" property="assenhinCd" />
    <result column="HANSUU" jdbcType="NUMERIC" property="hansuu" />
    <result column="NYUSYUKKO_SUURYO" jdbcType="NUMERIC" property="thumonSuu" />
    <result column="KINGAKU" jdbcType="NUMERIC" property="kingaku" />
    <result column="SYUKKO_FLAG" jdbcType="NUMERIC" property="syukkoFlag" />

  </resultMap>
  <select id="searchHistoyList" resultMap="searchHistory" >
 select
  AJ.NENDO
  , AJ.JUHATTYU_CD
  , AJM.JUHATTYU_MEISAI_CD
  , AJ.JUHATTYUBI
  , AJ.HATTYUMOTO_CD
  , AJM.ASSENHIN_CD
  , AJM.HANSUU
  , AA.ASSENHIN_NAME
  , AJM.NYUSYUKKO_SUURYO
  , AJM.KINGAKU
  , AJM.SYUKKO_FLAG
from
  A_JUHATTYU AJ 
  INNER JOIN A_JUHATTYU_MEISAI AJM
  ON AJ.NENDO = AJM.NENDO AND AJ.JUHATTYU_CD = AJM.JUHATTYU_CD
  LEFT JOIN A_ASSENHIN AA
  ON AJM.ASSENHIN_CD = AA.ASSENHIN_CD AND AJM.HANSUU = AA.HANSUU
  AND AA.DELETE_FLAG = 0
where
  AJ.NENDO = #{nendo}
  and AJ.HATTYUMOTO_CD = #{torihikisakiCd}
  <if test="juhattyuCd != null">
  and AJ.JUHATTYU_CD = #{juhattyuCd}
  </if>
  and AJ.UKEIRE_KYOKYU_CLS = 1 AND AJM.UKEIRE_KYOKYU_CLS=1
  and AJ.DELETE_FLAG = 0
  and AJM.DELETE_FLAG = 0 
  order by
 AJ.JUHATTYU_CD DESC,AJM.JUHATTYU_MEISAI_CD ASC
  
  </select>
  <update id="deleteJuhattyuMeisaiData">
     update A_JUHATTYU_MEISAI set DELETE_FLAG = 1 where NENDO=#{nendo} and JUHATTYU_CD=#{juhattyuCd} and JUHATTYU_MEISAI_CD = #{juhattyuMeisaiCd}
  </update>
  <delete id="deleteJuhattyuAllData">
  delete from A_JUHATTYU_MEISAI where NENDO=#{nendo} and JUHATTYU_CD=#{juhattyuCd}
  </delete>
  <resultMap type="ja.zenchu.assenhin.dto.DeleteJuhattyuMeisaiListDto" id="deleteMeisai">
    <id column="NENDO" jdbcType="NUMERIC" property="nendo" />
    <id column="JUHATTYU_CD" jdbcType="NUMERIC" property="juhattyuCd" />
    <id column="JUHATTYU_MEISAI_CD" jdbcType="NUMERIC" property="juhattyuMeisaiCd" />
    <result column="ASSENHIN_CD" jdbcType="NUMERIC" property="assenhinCd" />
    <result column="HANSUU" jdbcType="NUMERIC" property="hansuu" />
    <result column="HATTYU_SUURYO" jdbcType="NUMERIC" property="hattyuSuuryo" />
  </resultMap>
  <select id="selectDeleteJuhattyuMeisaiList" resultMap="deleteMeisai">
 select
  AJM.NENDO
  , AJM.JUHATTYU_CD
  , AJM.JUHATTYU_MEISAI_CD
  , AJM.ASSENHIN_CD
  , AJM.HANSUU
  , AJM.HATTYU_SUURYO
 from
   A_JUHATTYU_MEISAI AJM
 where
   AJM.NENDO = #{nendo}
   and AJM.JUHATTYU_CD = #{juhattyuCd}
   and AJM.DELETE_FLAG = 0
 order by 
   AJM.JUHATTYU_MEISAI_CD
  </select>
  <resultMap type="ja.zenchu.assenhin.dto.CartListDto" id="thumonList">
    <id column="ASSENHIN_CD" jdbcType="NUMERIC" property="assenhinCd" />
    <id column="HANSUU" jdbcType="NUMERIC" property="hansuu" />
    <result column="HATTYU_SUURYO" jdbcType="NUMERIC" property="thumonSuu" />
    <result column="ASSENHIN_NAME" jdbcType="VARCHAR" property="assenhinName" />
    <result column="BUSHO_NAME" jdbcType="VARCHAR" property="bushoName" />
    <result column="TANKA" jdbcType="NUMERIC" property="kakaku" />
    <result column="KAKAKU_CLS" jdbcType="NUMERIC" property="kakakuCls"/>
    <result column="YOYAKU_CLS" jdbcType="NUMERIC" property="yoyakuCls"/>
    <result column="HATTYUGO_ZAIKOSUU" jdbcType="NUMERIC" property="zaikoSuu" />
    <result column="JUHATTYU_CD" jdbcType="NUMERIC" property="juhattyuCd" />
    <result column="JUHATTYU_MEISAI_CD" jdbcType="NUMERIC" property="juhattyuMeisaiCd" />
    <result column="HATTYUGO_ZAIKOSUU" jdbcType="NUMERIC" property="zaikoSuu" />
    <result column="VERSION" jdbcType="NUMERIC" property="version" />
  </resultMap>
  <select id="getThumonzumiAssenhinList" resultMap="thumonList">
select
  AJM.NENDO
  , AJM.JUHATTYU_CD
  , AJM.JUHATTYU_MEISAI_CD
  , AJ.JUHATTYUBI
  , AJM.ASSENHIN_CD
  , AJM.HANSUU
  , AA.ASSENHIN_NAME
  , MT.TORIHIKISAKI_NAME BUSHO_NAME
  , AJM.HATTYU_SUURYO
  , AJM.NYUSYUKKO_SUURYO
  , AJM.KAIIN_CLS
  , AJM.KAKAKU_CLS
  , AJM.TANKA
  , AJM.SYUKKO_FLAG
  , AJM.YOYAKU_FLAG
  , AZ.HATTYUGO_ZAIKOSUU
  , AJM.VERSION 
from
  A_JUHATTYU_MEISAI AJM
  INNER JOIN A_JUHATTYU AJ
  ON AJM.NENDO = AJ.NENDO AND AJM.JUHATTYU_CD = AJ.JUHATTYU_CD AND AJ.DELETE_FLAG = 0
  LEFT JOIN A_ASSENHIN AA
  ON AJM.ASSENHIN_CD = AA.ASSENHIN_CD AND AJM.HANSUU = AA.HANSUU AND AA.DELETE_FLAG = 0
  LEFT JOIN M_TORIHIKISAKI MT
  ON AJM.ZENTYU_BUSHO_CD = MT.TORIHIKISAKI_CD
  AND AJ.JUHATTYUBI BETWEEN MT.TEKIYO_KAISHIBI AND MT.TEKIYO_SYURYOBI AND MT.DELETE_FLAG = 0
  inner join A_ZAIKO AZ
    on AJM.ASSENHIN_CD = AZ.ASSENHIN_CD AND AJM.HANSUU = AZ.HANSUU
where
  AJM.NENDO = #{nendo}
  and AJM.JUHATTYU_CD = #{juhattyuCd}
  and AJM.UKEIRE_KYOKYU_CLS = 1
  and AJM.DELETE_FLAG = 0
order by
  AJM.NENDO
  , AJM.JUHATTYU_CD
  , AJM.JUHATTYU_MEISAI_CD
  </select>
  
  <resultMap type="ja.zenchu.assenhin.dto.AddressInfoDto" id="addressData">
    <result column="NYURYOKUSHA_CD" jdbcType="NUMERIC" property="nyuryokushaCd" />
    <result column="NYURYOKUSHA_NAME" jdbcType="VARCHAR" property="nyuryokushaName"/>    
    <result column="TANTO_BUSHO" jdbcType="VARCHAR" property="tantoBushoName"/>
    <result column="TANTOSHA" jdbcType="VARCHAR" property="tantoshaName"/>
    <result column="TYUMONSHA_CD" jdbcType="VARCHAR" property="thumonshaCd"/>
    <result column="TYUMONSHA" jdbcType="VARCHAR" property="thumonshaName" />
    <result column="HASSOSAKI_CD" jdbcType="VARCHAR" property="hassosakiCd" />
    <result column="HASSOSAKI_NAME" jdbcType="VARCHAR" property="hassosakiName" />
    <result column="HASSOSAKI_BUSHO" jdbcType="VARCHAR" property="hassosakiBusho" />
    <result column="YUBIN_NUM" jdbcType="VARCHAR" property="yubinNum" />
    <result column="TTEL_NUM" jdbcType="VARCHAR" property="telNum" />
  </resultMap>
  <select id="getThumonzumiHassosaki" resultMap="addressData">
 select
  AJ.NYURYOKUSHA_CD
  , MT.TORIHIKISAKI_NAME AS NYURYOKUSHA_NAME
  , AJ.TANTO_BUSHO
  , AJ.TANTOSHA
  , TO_CHAR(AJM.TYUMONSHA_CD)　TYUMONSHA_CD
  , AJM.TYUMONSHA
  , TO_CHAR(AJM.HASSOSAKI_CD) HASSOSAKI_CD
  , AJM.HASSOSAKI_NAME
  , AJM.HASSOSAKI_BUSHO
  , AJM.YUBIN_NUM
  , AJM.ADDRESS
  , AJM.TTEL_NUM
  , AJ.VERSION 
from
  A_JUHATTYU AJ 
  inner join A_JUHATTYU_MEISAI AJM 
    on AJ.NENDO = AJM.NENDO and AJ.JUHATTYU_CD = AJM.JUHATTYU_CD
  left join M_TORIHIKISAKI MT
    on AJ.NYURYOKUSHA_CD = MT.TORIHIKISAKI_CD and AJ.JUHATTYUBI BETWEEN MT.TEKIYO_KAISHIBI AND MT.TEKIYO_SYURYOBI AND MT.DELETE_FLAG = 0
where
  AJ.NENDO = #{nendo}
  and AJ.JUHATTYU_CD = #{juhattyuCd}
  and AJ.DELETE_FLAG = 0 
  and AJM.DELETE_FLAG = 0 
  and ROWNUM = 1 <!-- 最初の一件 -->
  </select>

</mapper>