<?xml version="1.0" encoding="UTF-8"?>
<!DOCTYPE mapper PUBLIC "-//mybatis.org//DTD Mapper 3.0//EN" "http://mybatis.org/dtd/mybatis-3-mapper.dtd">
<mapper namespace="ja.zenchu.assenhin.entity.mapper.MKanrenManualMapper">
  <resultMap id="BaseResultMap" type="ja.zenchu.assenhin.entity.MKanrenManual">
    <!--
      WARNING - @mbg.generated
      This element is automatically generated by MyBatis Generator, do not modify.
      This element was generated on Mon Oct 19 16:48:49 JST 2020.
    -->
    <id column="SYSTEM_ID" jdbcType="NUMERIC" property="systemId" />
    <id column="RIYO_CLS" jdbcType="NUMERIC" property="riyoCls" />
    <result column="FILE_NUM" jdbcType="NUMERIC" property="fileNum" />
    <result column="MANUAL_NAME" jdbcType="VARCHAR" property="manualName" />
    <result column="SETSUMEI" jdbcType="VARCHAR" property="setsumei" />
    <result column="KOUSHIN_NICHIJI" jdbcType="TIMESTAMP" property="koushinNichiji" />
    <result column="KOUSHINSHA_CD" jdbcType="NUMERIC" property="koushinshaCd" />
    <result column="VERSION" jdbcType="NUMERIC" property="version" />
  </resultMap>
  <sql id="Base_Column_List">
    <!--
      WARNING - @mbg.generated
      This element is automatically generated by MyBatis Generator, do not modify.
      This element was generated on Mon Oct 19 16:48:49 JST 2020.
    -->
    SYSTEM_ID, RIYO_CLS, FILE_NUM, MANUAL_NAME, SETSUMEI, KOUSHIN_NICHIJI, KOUSHINSHA_CD, 
    VERSION
  </sql>
  <select id="selectByPrimaryKey" parameterType="ja.zenchu.assenhin.entity.MKanrenManualKey" resultMap="BaseResultMap">
    <!--
      WARNING - @mbg.generated
      This element is automatically generated by MyBatis Generator, do not modify.
      This element was generated on Mon Oct 19 16:48:49 JST 2020.
    -->
    select 
    <include refid="Base_Column_List" />
    from M_KANREN_MANUAL
    where SYSTEM_ID = #{systemId,jdbcType=NUMERIC}
      and RIYO_CLS = #{riyoCls,jdbcType=NUMERIC}
  </select>
  <delete id="deleteByPrimaryKey" parameterType="ja.zenchu.assenhin.entity.MKanrenManualKey">
    <!--
      WARNING - @mbg.generated
      This element is automatically generated by MyBatis Generator, do not modify.
      This element was generated on Mon Oct 19 16:48:49 JST 2020.
    -->
    delete from M_KANREN_MANUAL
    where SYSTEM_ID = #{systemId,jdbcType=NUMERIC}
      and RIYO_CLS = #{riyoCls,jdbcType=NUMERIC}
  </delete>
  <insert id="insert" parameterType="ja.zenchu.assenhin.entity.MKanrenManual">
    <!--
      WARNING - @mbg.generated
      This element is automatically generated by MyBatis Generator, do not modify.
      This element was generated on Mon Oct 19 16:48:49 JST 2020.
    -->
    insert into M_KANREN_MANUAL (SYSTEM_ID, RIYO_CLS, FILE_NUM, 
      MANUAL_NAME, SETSUMEI, KOUSHIN_NICHIJI, 
      KOUSHINSHA_CD, VERSION)
    values (#{systemId,jdbcType=NUMERIC}, #{riyoCls,jdbcType=NUMERIC}, #{fileNum,jdbcType=NUMERIC}, 
      #{manualName,jdbcType=VARCHAR}, #{setsumei,jdbcType=VARCHAR}, #{koushinNichiji,jdbcType=TIMESTAMP}, 
      #{koushinshaCd,jdbcType=NUMERIC}, #{version,jdbcType=NUMERIC})
  </insert>
  <insert id="insertSelective" parameterType="ja.zenchu.assenhin.entity.MKanrenManual">
    <!--
      WARNING - @mbg.generated
      This element is automatically generated by MyBatis Generator, do not modify.
      This element was generated on Mon Oct 19 16:48:49 JST 2020.
    -->
    insert into M_KANREN_MANUAL
    <trim prefix="(" suffix=")" suffixOverrides=",">
      <if test="systemId != null">
        SYSTEM_ID,
      </if>
      <if test="riyoCls != null">
        RIYO_CLS,
      </if>
      <if test="fileNum != null">
        FILE_NUM,
      </if>
      <if test="manualName != null">
        MANUAL_NAME,
      </if>
      <if test="setsumei != null">
        SETSUMEI,
      </if>
      <if test="koushinNichiji != null">
        KOUSHIN_NICHIJI,
      </if>
      <if test="koushinshaCd != null">
        KOUSHINSHA_CD,
      </if>
      <if test="version != null">
        VERSION,
      </if>
    </trim>
    <trim prefix="values (" suffix=")" suffixOverrides=",">
      <if test="systemId != null">
        #{systemId,jdbcType=NUMERIC},
      </if>
      <if test="riyoCls != null">
        #{riyoCls,jdbcType=NUMERIC},
      </if>
      <if test="fileNum != null">
        #{fileNum,jdbcType=NUMERIC},
      </if>
      <if test="manualName != null">
        #{manualName,jdbcType=VARCHAR},
      </if>
      <if test="setsumei != null">
        #{setsumei,jdbcType=VARCHAR},
      </if>
      <if test="koushinNichiji != null">
        #{koushinNichiji,jdbcType=TIMESTAMP},
      </if>
      <if test="koushinshaCd != null">
        #{koushinshaCd,jdbcType=NUMERIC},
      </if>
      <if test="version != null">
        #{version,jdbcType=NUMERIC},
      </if>
    </trim>
  </insert>
  <update id="updateByPrimaryKeySelective" parameterType="ja.zenchu.assenhin.entity.MKanrenManual">
    <!--
      WARNING - @mbg.generated
      This element is automatically generated by MyBatis Generator, do not modify.
      This element was generated on Mon Oct 19 16:48:49 JST 2020.
    -->
    update M_KANREN_MANUAL
    <set>
      <if test="fileNum != null">
        FILE_NUM = #{fileNum,jdbcType=NUMERIC},
      </if>
      <if test="manualName != null">
        MANUAL_NAME = #{manualName,jdbcType=VARCHAR},
      </if>
      <if test="setsumei != null">
        SETSUMEI = #{setsumei,jdbcType=VARCHAR},
      </if>
      <if test="koushinNichiji != null">
        KOUSHIN_NICHIJI = #{koushinNichiji,jdbcType=TIMESTAMP},
      </if>
      <if test="koushinshaCd != null">
        KOUSHINSHA_CD = #{koushinshaCd,jdbcType=NUMERIC},
      </if>
      <if test="version != null">
        VERSION = #{version,jdbcType=NUMERIC},
      </if>
    </set>
    where SYSTEM_ID = #{systemId,jdbcType=NUMERIC}
      and RIYO_CLS = #{riyoCls,jdbcType=NUMERIC}
  </update>
  <update id="updateByPrimaryKey" parameterType="ja.zenchu.assenhin.entity.MKanrenManual">
    <!--
      WARNING - @mbg.generated
      This element is automatically generated by MyBatis Generator, do not modify.
      This element was generated on Mon Oct 19 16:48:49 JST 2020.
    -->
    update M_KANREN_MANUAL
    set FILE_NUM = #{fileNum,jdbcType=NUMERIC},
      MANUAL_NAME = #{manualName,jdbcType=VARCHAR},
      SETSUMEI = #{setsumei,jdbcType=VARCHAR},
      KOUSHIN_NICHIJI = #{koushinNichiji,jdbcType=TIMESTAMP},
      KOUSHINSHA_CD = #{koushinshaCd,jdbcType=NUMERIC},
      VERSION = #{version,jdbcType=NUMERIC}
    where SYSTEM_ID = #{systemId,jdbcType=NUMERIC}
      and RIYO_CLS = #{riyoCls,jdbcType=NUMERIC}
  </update>
	<resultMap id="Manual"
		type="ja.zenchu.assenhin.dto.DownloadDataDto">
		<result column="MANUAL_NAME" jdbcType="VARCHAR"
			property="manualName" />
		<result column="FILE_DATA" jdbcType="NUMERIC" property="fileData" />
	</resultMap>
	<select id="getAssenManual" parameterType="short" resultMap="Manual">
	   SELECT M.MANUAL_NAME,T.FILE_DATA
       FROM M_KANREN_MANUAL M
       INNER JOIN T_FILE T ON M.FILE_NUM = T.FILE_NUM
       WHERE M.SYSTEM_ID = #{systemId,jdbcType=NUMERIC}
       AND M.RIYO_CLS = 1
	</select>
</mapper>