<?xml version="1.0" encoding="UTF-8"?>
<!DOCTYPE mapper PUBLIC "-//mybatis.org//DTD Mapper 3.0//EN" "http://mybatis.org/dtd/mybatis-3-mapper.dtd">
<mapper namespace="ja.zenchu.assenhin.entity.mapper.MTorihikisakiMapper">

  <resultMap id="searchThumonsha" type="ja.zenchu.assenhin.dto.ThumonshaListDto">
    <id column="TORIHIKISAKI_CD" jdbcType="NUMERIC" property="thumonshaCd" />
    <result column="TORIHIKISAKI_NAME" jdbcType="VARCHAR" property="thumonshaName" />
  </resultMap>
  <select id="searchThumonshaList" resultMap="searchThumonsha" parameterType="ja.zenchu.assenhin.dto.SearchTorihikisakiDialogDto">
select
  MT.TORIHIKISAKI_CD
  , MT.TORIHIKISAKI_NAME
from
  M_TORIHIKISAKI MT
where
  MT.TORIHIKISAKI_CLS = 1 <!-- 一般のみ -->
  and #{kijunbi} BETWEEN MT.TEKIYO_KAISHIBI AND MT.TEKIYO_SYURYOBI
  and MT.DELETE_FLAG = 0 
  AND (MT.TORIHIKISAKI_CD_SEARCH like #{searchTorihikisakiCdKey} or MT.TORIHIKISAKI_NAME like #{searchTorihikisakiNameKey})
  and ( 
    ( 
      MT.TORIHIKISAKI_CD not between 10010001 and 10099999
    ) 
    and( MT.TORIHIKISAKI_CD not like '7%_______' or MT.TORIHIKISAKI_CD like '7%00199')
  ) 
  order by MT.TORIHIKISAKI_CD
</select>
  <resultMap id="searchHassosaki" type="ja.zenchu.assenhin.dto.HassosakiListDto">
    <id column="TORIHIKISAKI_CD" jdbcType="NUMERIC" property="hassosakiCd" />
    <result column="TORIHIKISAKI_NAME" jdbcType="VARCHAR" property="hassosakiName" />
  </resultMap>

  <select id="searchHassosakiList" resultMap="searchHassosaki" parameterType="ja.zenchu.assenhin.dto.SearchTorihikisakiDialogDto">
select
  MT.TORIHIKISAKI_CD
  , MT.TORIHIKISAKI_NAME
from
  M_TORIHIKISAKI MT
where
  #{kijunbi} BETWEEN MT.TEKIYO_KAISHIBI AND MT.TEKIYO_SYURYOBI
  and MT.DELETE_FLAG = 0 
  AND (MT.TORIHIKISAKI_CD_SEARCH like #{searchTorihikisakiCdKey} or MT.TORIHIKISAKI_NAME like #{searchTorihikisakiNameKey})
  order by MT.TORIHIKISAKI_CD
</select>
<resultMap type="ja.zenchu.assenhin.dto.SelectTorihikisakiByKeyDto" id="selectTorihikisaki">
    <id column="TORIHIKISAKI_CD" jdbcType="NUMERIC" property="torihikisakiCd" />
    <result column="TORIHIKISAKI_NAME" jdbcType="VARCHAR" property="torihikisakiName" />
    <result column="YUBIN_NUM" jdbcType="VARCHAR" property="yubinNum"/>
    <result column="ADDRESS" jdbcType="VARCHAR" property="address"/>
    <result column="TEL_NUM" jdbcType="VARCHAR" property="telNum"/>
</resultMap>
<select id="selectTorihikisakiByKey" resultMap="selectTorihikisaki" parameterType="ja.zenchu.assenhin.dto.AddressInfoDto">
select
  MT.TORIHIKISAKI_CD
  , MT.TORIHIKISAKI_NAME
  , MT.YUBIN_NUM
  , MT.ADDRESS
  , MT.TEL_NUM
from
  M_TORIHIKISAKI MT
where
  MT.TORIHIKISAKI_CD = #{torihikisakiCd}
  and #{kijunbi} BETWEEN MT.TEKIYO_KAISHIBI AND MT.TEKIYO_SYURYOBI
  and MT.DELETE_FLAG = 0 
</select>
<select id="getNyuryokushaName" resultType="String">
select
  MT.TORIHIKISAKI_NAME 
from
  M_SYSTEM_USER MU 
  inner join M_TORIHIKISAKI MT 
    on MU.TORIHIKISAKI_CD = MT.TORIHIKISAKI_CD 
    and MT.DELETE_FLAG = 0 
    and #{kijunbi} between MT.TEKIYO_KAISHIBI and MT.TEKIYO_SYURYOBI 
where
  MU.USER_ID = #{userId}
  <if test="torihikisakiCd != null">
  and MT.TORIHIKISAKI_CD = #{torihikisakiCd}
  </if>
  and MU.SYSTEM_ID in (0, 2) <!-- システムID共通・斡旋品 -->
  and MU.DELETE_FLAG = 0 
  and #{kijunbi} between MU.TEKIYO_KAISHIBI and MU.TEKIYO_SYURYOBI
  and ROWNUM = 1 <!-- ないと思うが両方のユーザーで同時セットされた際の複数件対応 -->
</select>
</mapper>