<?xml version="1.0" encoding="UTF-8"?>
<!DOCTYPE mapper PUBLIC "-//mybatis.org//DTD Mapper 3.0//EN" "http://mybatis.org/dtd/mybatis-3-mapper.dtd">
<mapper namespace="ja.zenchu.assenhin.entity.mapper.AAssenTorihikisakiMapper">
  <resultMap id="BaseResultMap" type="ja.zenchu.assenhin.entity.AAssenTorihikisaki">
    <!--
      WARNING - @mbg.generated
      This element is automatically generated by MyBatis Generator, do not modify.
      This element was generated on Wed Nov 04 14:23:42 JST 2020.
    -->
    <id column="TORIHIKISAKI_CD" jdbcType="NUMERIC" property="torihikisakiCd" />
    <id column="TEKIYO_TSUBAN" jdbcType="NUMERIC" property="tekiyoTsuban" />
    <result column="KAKAKU_SETTEI_CLS" jdbcType="NUMERIC" property="kakakuSetteiCls" />
    <result column="FURIKAE_CLS" jdbcType="NUMERIC" property="furikaeCls" />
    <result column="TORIHIKISAKI_NAME" jdbcType="VARCHAR" property="torihikisakiName" />
    <result column="BIKO" jdbcType="VARCHAR" property="biko" />
    <result column="DELETE_FLAG" jdbcType="NUMERIC" property="deleteFlag" />
    <result column="TEKIYO_KAISHIBI" jdbcType="TIMESTAMP" property="tekiyoKaishibi" />
    <result column="TEKIYO_SYURYOBI" jdbcType="TIMESTAMP" property="tekiyoSyuryobi" />
    <result column="KOUSHINBI" jdbcType="TIMESTAMP" property="koushinbi" />
    <result column="KOUSHINSHA_CD" jdbcType="NUMERIC" property="koushinshaCd" />
    <result column="VERSION" jdbcType="NUMERIC" property="version" />
  </resultMap>
  <sql id="Base_Column_List">
    <!--
      WARNING - @mbg.generated
      This element is automatically generated by MyBatis Generator, do not modify.
      This element was generated on Wed Nov 04 14:23:42 JST 2020.
    -->
    TORIHIKISAKI_CD, TEKIYO_TSUBAN, KAKAKU_SETTEI_CLS, FURIKAE_CLS, TORIHIKISAKI_NAME, 
    BIKO, DELETE_FLAG, TEKIYO_KAISHIBI, TEKIYO_SYURYOBI, KOUSHINBI, KOUSHINSHA_CD, VERSION
  </sql>
  <select id="selectByPrimaryKey" parameterType="ja.zenchu.assenhin.entity.AAssenTorihikisakiKey" resultMap="BaseResultMap">
    <!--
      WARNING - @mbg.generated
      This element is automatically generated by MyBatis Generator, do not modify.
      This element was generated on Wed Nov 04 14:23:42 JST 2020.
    -->
    select 
    <include refid="Base_Column_List" />
    from A_ASSEN_TORIHIKISAKI
    where TORIHIKISAKI_CD = #{torihikisakiCd,jdbcType=NUMERIC}
      and TEKIYO_TSUBAN = #{tekiyoTsuban,jdbcType=NUMERIC}
  </select>
  <delete id="deleteByPrimaryKey" parameterType="ja.zenchu.assenhin.entity.AAssenTorihikisakiKey">
    <!--
      WARNING - @mbg.generated
      This element is automatically generated by MyBatis Generator, do not modify.
      This element was generated on Wed Nov 04 14:23:42 JST 2020.
    -->
    delete from A_ASSEN_TORIHIKISAKI
    where TORIHIKISAKI_CD = #{torihikisakiCd,jdbcType=NUMERIC}
      and TEKIYO_TSUBAN = #{tekiyoTsuban,jdbcType=NUMERIC}
  </delete>
  <insert id="insert" parameterType="ja.zenchu.assenhin.entity.AAssenTorihikisaki">
    <!--
      WARNING - @mbg.generated
      This element is automatically generated by MyBatis Generator, do not modify.
      This element was generated on Wed Nov 04 14:23:42 JST 2020.
    -->
    insert into A_ASSEN_TORIHIKISAKI (TORIHIKISAKI_CD, TEKIYO_TSUBAN, KAKAKU_SETTEI_CLS, 
      FURIKAE_CLS, TORIHIKISAKI_NAME, BIKO, 
      DELETE_FLAG, TEKIYO_KAISHIBI, TEKIYO_SYURYOBI, 
      KOUSHINBI, KOUSHINSHA_CD, VERSION
      )
    values (#{torihikisakiCd,jdbcType=NUMERIC}, #{tekiyoTsuban,jdbcType=NUMERIC}, #{kakakuSetteiCls,jdbcType=NUMERIC}, 
      #{furikaeCls,jdbcType=NUMERIC}, #{torihikisakiName,jdbcType=VARCHAR}, #{biko,jdbcType=VARCHAR}, 
      #{deleteFlag,jdbcType=NUMERIC}, #{tekiyoKaishibi,jdbcType=TIMESTAMP}, #{tekiyoSyuryobi,jdbcType=TIMESTAMP}, 
      #{koushinbi,jdbcType=TIMESTAMP}, #{koushinshaCd,jdbcType=NUMERIC}, #{version,jdbcType=NUMERIC}
      )
  </insert>
  <insert id="insertSelective" parameterType="ja.zenchu.assenhin.entity.AAssenTorihikisaki">
    <!--
      WARNING - @mbg.generated
      This element is automatically generated by MyBatis Generator, do not modify.
      This element was generated on Wed Nov 04 14:23:42 JST 2020.
    -->
    insert into A_ASSEN_TORIHIKISAKI
    <trim prefix="(" suffix=")" suffixOverrides=",">
      <if test="torihikisakiCd != null">
        TORIHIKISAKI_CD,
      </if>
      <if test="tekiyoTsuban != null">
        TEKIYO_TSUBAN,
      </if>
      <if test="kakakuSetteiCls != null">
        KAKAKU_SETTEI_CLS,
      </if>
      <if test="furikaeCls != null">
        FURIKAE_CLS,
      </if>
      <if test="torihikisakiName != null">
        TORIHIKISAKI_NAME,
      </if>
      <if test="biko != null">
        BIKO,
      </if>
      <if test="deleteFlag != null">
        DELETE_FLAG,
      </if>
      <if test="tekiyoKaishibi != null">
        TEKIYO_KAISHIBI,
      </if>
      <if test="tekiyoSyuryobi != null">
        TEKIYO_SYURYOBI,
      </if>
      <if test="koushinbi != null">
        KOUSHINBI,
      </if>
      <if test="koushinshaCd != null">
        KOUSHINSHA_CD,
      </if>
      <if test="version != null">
        VERSION,
      </if>
    </trim>
    <trim prefix="values (" suffix=")" suffixOverrides=",">
      <if test="torihikisakiCd != null">
        #{torihikisakiCd,jdbcType=NUMERIC},
      </if>
      <if test="tekiyoTsuban != null">
        #{tekiyoTsuban,jdbcType=NUMERIC},
      </if>
      <if test="kakakuSetteiCls != null">
        #{kakakuSetteiCls,jdbcType=NUMERIC},
      </if>
      <if test="furikaeCls != null">
        #{furikaeCls,jdbcType=NUMERIC},
      </if>
      <if test="torihikisakiName != null">
        #{torihikisakiName,jdbcType=VARCHAR},
      </if>
      <if test="biko != null">
        #{biko,jdbcType=VARCHAR},
      </if>
      <if test="deleteFlag != null">
        #{deleteFlag,jdbcType=NUMERIC},
      </if>
      <if test="tekiyoKaishibi != null">
        #{tekiyoKaishibi,jdbcType=TIMESTAMP},
      </if>
      <if test="tekiyoSyuryobi != null">
        #{tekiyoSyuryobi,jdbcType=TIMESTAMP},
      </if>
      <if test="koushinbi != null">
        #{koushinbi,jdbcType=TIMESTAMP},
      </if>
      <if test="koushinshaCd != null">
        #{koushinshaCd,jdbcType=NUMERIC},
      </if>
      <if test="version != null">
        #{version,jdbcType=NUMERIC},
      </if>
    </trim>
  </insert>
  <update id="updateByPrimaryKeySelective" parameterType="ja.zenchu.assenhin.entity.AAssenTorihikisaki">
    <!--
      WARNING - @mbg.generated
      This element is automatically generated by MyBatis Generator, do not modify.
      This element was generated on Wed Nov 04 14:23:42 JST 2020.
    -->
    update A_ASSEN_TORIHIKISAKI
    <set>
      <if test="kakakuSetteiCls != null">
        KAKAKU_SETTEI_CLS = #{kakakuSetteiCls,jdbcType=NUMERIC},
      </if>
      <if test="furikaeCls != null">
        FURIKAE_CLS = #{furikaeCls,jdbcType=NUMERIC},
      </if>
      <if test="torihikisakiName != null">
        TORIHIKISAKI_NAME = #{torihikisakiName,jdbcType=VARCHAR},
      </if>
      <if test="biko != null">
        BIKO = #{biko,jdbcType=VARCHAR},
      </if>
      <if test="deleteFlag != null">
        DELETE_FLAG = #{deleteFlag,jdbcType=NUMERIC},
      </if>
      <if test="tekiyoKaishibi != null">
        TEKIYO_KAISHIBI = #{tekiyoKaishibi,jdbcType=TIMESTAMP},
      </if>
      <if test="tekiyoSyuryobi != null">
        TEKIYO_SYURYOBI = #{tekiyoSyuryobi,jdbcType=TIMESTAMP},
      </if>
      <if test="koushinbi != null">
        KOUSHINBI = #{koushinbi,jdbcType=TIMESTAMP},
      </if>
      <if test="koushinshaCd != null">
        KOUSHINSHA_CD = #{koushinshaCd,jdbcType=NUMERIC},
      </if>
      <if test="version != null">
        VERSION = #{version,jdbcType=NUMERIC},
      </if>
    </set>
    where TORIHIKISAKI_CD = #{torihikisakiCd,jdbcType=NUMERIC}
      and TEKIYO_TSUBAN = #{tekiyoTsuban,jdbcType=NUMERIC}
  </update>
  <update id="updateByPrimaryKey" parameterType="ja.zenchu.assenhin.entity.AAssenTorihikisaki">
    <!--
      WARNING - @mbg.generated
      This element is automatically generated by MyBatis Generator, do not modify.
      This element was generated on Wed Nov 04 14:23:42 JST 2020.
    -->
    update A_ASSEN_TORIHIKISAKI
    set KAKAKU_SETTEI_CLS = #{kakakuSetteiCls,jdbcType=NUMERIC},
      FURIKAE_CLS = #{furikaeCls,jdbcType=NUMERIC},
      TORIHIKISAKI_NAME = #{torihikisakiName,jdbcType=VARCHAR},
      BIKO = #{biko,jdbcType=VARCHAR},
      DELETE_FLAG = #{deleteFlag,jdbcType=NUMERIC},
      TEKIYO_KAISHIBI = #{tekiyoKaishibi,jdbcType=TIMESTAMP},
      TEKIYO_SYURYOBI = #{tekiyoSyuryobi,jdbcType=TIMESTAMP},
      KOUSHINBI = #{koushinbi,jdbcType=TIMESTAMP},
      KOUSHINSHA_CD = #{koushinshaCd,jdbcType=NUMERIC},
      VERSION = #{version,jdbcType=NUMERIC}
    where TORIHIKISAKI_CD = #{torihikisakiCd,jdbcType=NUMERIC}
      and TEKIYO_TSUBAN = #{tekiyoTsuban,jdbcType=NUMERIC}
  </update>
  <select id="getKakakuSetteiCls" resultType="short">
  select
    a.kakaku_settei_cls
  from
    a_assen_torihikisaki a 
  where
    a.torihikisaki_cd = #{torihikisakiCd}
    and #{kijunbi} between a.tekiyo_kaishibi and a.tekiyo_syuryobi 
    and a.delete_flag = 0
  </select>
</mapper>