<?xml version="1.0" encoding="UTF-8"?>
<!DOCTYPE mapper PUBLIC "-//mybatis.org//DTD Mapper 3.0//EN" "http://mybatis.org/dtd/mybatis-3-mapper.dtd">
<mapper namespace="ja.zenchu.assenhin.entity.mapper.AAssenhinIconMapper">
  <resultMap id="BaseResultMap" type="ja.zenchu.assenhin.entity.AAssenhinIcon">
    <!--
      WARNING - @mbg.generated
      This element is automatically generated by MyBatis Generator, do not modify.
      This element was generated on Fri Nov 06 18:20:07 JST 2020.
    -->
    <id column="ASSENHIN_CD" jdbcType="NUMERIC" property="assenhinCd" />
    <id column="HANSUU" jdbcType="NUMERIC" property="hansuu" />
    <id column="TSUBAN" jdbcType="NUMERIC" property="tsuban" />
    <result column="FILE_NUM" jdbcType="NUMERIC" property="fileNum" />
    <result column="KOUSHIN_NICHIJI" jdbcType="TIMESTAMP" property="koushinNichiji" />
    <result column="KOUSHINSHA_CD" jdbcType="NUMERIC" property="koushinshaCd" />
    <result column="VERSION" jdbcType="NUMERIC" property="version" />
  </resultMap>
  <sql id="Base_Column_List">
    <!--
      WARNING - @mbg.generated
      This element is automatically generated by MyBatis Generator, do not modify.
      This element was generated on Fri Nov 06 18:20:07 JST 2020.
    -->
    ASSENHIN_CD, HANSUU, TSUBAN, FILE_NUM, KOUSHIN_NICHIJI, KOUSHINSHA_CD, VERSION
  </sql>
  <select id="selectByPrimaryKey" parameterType="ja.zenchu.assenhin.entity.AAssenhinIconKey" resultMap="BaseResultMap">
    <!--
      WARNING - @mbg.generated
      This element is automatically generated by MyBatis Generator, do not modify.
      This element was generated on Fri Nov 06 18:20:07 JST 2020.
    -->
    select 
    <include refid="Base_Column_List" />
    from A_ASSENHIN_ICON
    where ASSENHIN_CD = #{assenhinCd,jdbcType=NUMERIC}
      and HANSUU = #{hansuu,jdbcType=NUMERIC}
      and TSUBAN = #{tsuban,jdbcType=NUMERIC}
  </select>
  <delete id="deleteByPrimaryKey" parameterType="ja.zenchu.assenhin.entity.AAssenhinIconKey">
    <!--
      WARNING - @mbg.generated
      This element is automatically generated by MyBatis Generator, do not modify.
      This element was generated on Fri Nov 06 18:20:07 JST 2020.
    -->
    delete from A_ASSENHIN_ICON
    where ASSENHIN_CD = #{assenhinCd,jdbcType=NUMERIC}
      and HANSUU = #{hansuu,jdbcType=NUMERIC}
      and TSUBAN = #{tsuban,jdbcType=NUMERIC}
  </delete>
  <insert id="insert" parameterType="ja.zenchu.assenhin.entity.AAssenhinIcon">
    <!--
      WARNING - @mbg.generated
      This element is automatically generated by MyBatis Generator, do not modify.
      This element was generated on Fri Nov 06 18:20:07 JST 2020.
    -->
    insert into A_ASSENHIN_ICON (ASSENHIN_CD, HANSUU, TSUBAN, 
      FILE_NUM, KOUSHIN_NICHIJI, KOUSHINSHA_CD, 
      VERSION)
    values (#{assenhinCd,jdbcType=NUMERIC}, #{hansuu,jdbcType=NUMERIC}, #{tsuban,jdbcType=NUMERIC}, 
      #{fileNum,jdbcType=NUMERIC}, #{koushinNichiji,jdbcType=TIMESTAMP}, #{koushinshaCd,jdbcType=NUMERIC}, 
      #{version,jdbcType=NUMERIC})
  </insert>
  <insert id="insertSelective" parameterType="ja.zenchu.assenhin.entity.AAssenhinIcon">
    <!--
      WARNING - @mbg.generated
      This element is automatically generated by MyBatis Generator, do not modify.
      This element was generated on Fri Nov 06 18:20:07 JST 2020.
    -->
    insert into A_ASSENHIN_ICON
    <trim prefix="(" suffix=")" suffixOverrides=",">
      <if test="assenhinCd != null">
        ASSENHIN_CD,
      </if>
      <if test="hansuu != null">
        HANSUU,
      </if>
      <if test="tsuban != null">
        TSUBAN,
      </if>
      <if test="fileNum != null">
        FILE_NUM,
      </if>
      <if test="koushinNichiji != null">
        KOUSHIN_NICHIJI,
      </if>
      <if test="koushinshaCd != null">
        KOUSHINSHA_CD,
      </if>
      <if test="version != null">
        VERSION,
      </if>
    </trim>
    <trim prefix="values (" suffix=")" suffixOverrides=",">
      <if test="assenhinCd != null">
        #{assenhinCd,jdbcType=NUMERIC},
      </if>
      <if test="hansuu != null">
        #{hansuu,jdbcType=NUMERIC},
      </if>
      <if test="tsuban != null">
        #{tsuban,jdbcType=NUMERIC},
      </if>
      <if test="fileNum != null">
        #{fileNum,jdbcType=NUMERIC},
      </if>
      <if test="koushinNichiji != null">
        #{koushinNichiji,jdbcType=TIMESTAMP},
      </if>
      <if test="koushinshaCd != null">
        #{koushinshaCd,jdbcType=NUMERIC},
      </if>
      <if test="version != null">
        #{version,jdbcType=NUMERIC},
      </if>
    </trim>
  </insert>
  <update id="updateByPrimaryKeySelective" parameterType="ja.zenchu.assenhin.entity.AAssenhinIcon">
    <!--
      WARNING - @mbg.generated
      This element is automatically generated by MyBatis Generator, do not modify.
      This element was generated on Fri Nov 06 18:20:07 JST 2020.
    -->
    update A_ASSENHIN_ICON
    <set>
      <if test="fileNum != null">
        FILE_NUM = #{fileNum,jdbcType=NUMERIC},
      </if>
      <if test="koushinNichiji != null">
        KOUSHIN_NICHIJI = #{koushinNichiji,jdbcType=TIMESTAMP},
      </if>
      <if test="koushinshaCd != null">
        KOUSHINSHA_CD = #{koushinshaCd,jdbcType=NUMERIC},
      </if>
      <if test="version != null">
        VERSION = #{version,jdbcType=NUMERIC},
      </if>
    </set>
    where ASSENHIN_CD = #{assenhinCd,jdbcType=NUMERIC}
      and HANSUU = #{hansuu,jdbcType=NUMERIC}
      and TSUBAN = #{tsuban,jdbcType=NUMERIC}
  </update>
  <update id="updateByPrimaryKey" parameterType="ja.zenchu.assenhin.entity.AAssenhinIcon">
    <!--
      WARNING - @mbg.generated
      This element is automatically generated by MyBatis Generator, do not modify.
      This element was generated on Fri Nov 06 18:20:07 JST 2020.
    -->
    update A_ASSENHIN_ICON
    set FILE_NUM = #{fileNum,jdbcType=NUMERIC},
      KOUSHIN_NICHIJI = #{koushinNichiji,jdbcType=TIMESTAMP},
      KOUSHINSHA_CD = #{koushinshaCd,jdbcType=NUMERIC},
      VERSION = #{version,jdbcType=NUMERIC}
    where ASSENHIN_CD = #{assenhinCd,jdbcType=NUMERIC}
      and HANSUU = #{hansuu,jdbcType=NUMERIC}
      and TSUBAN = #{tsuban,jdbcType=NUMERIC}
  </update>
	<resultMap id="iconfile"
		type="ja.zenchu.assenhin.dto.IconDataDto">
		<result column="FILE_DATA" jdbcType="BLOB" property="fileData" />
	</resultMap>  
  <select id="getAssenhinIconData" resultMap="iconfile">
      select TF.file_data from A_ASSENHIN_ICON AI inner join T_FILE TF on AI.FILE_NUM = TF.FILE_NUM where AI.ASSENHIN_CD = #{assenhinCd} and AI.HANSUU = #{hansuu}
  </select>
</mapper>