<?xml version="1.0" encoding="UTF-8"?>
<!DOCTYPE mapper PUBLIC "-//mybatis.org//DTD Mapper 3.0//EN" "http://mybatis.org/dtd/mybatis-3-mapper.dtd">
<mapper namespace="ja.zenchu.assenhin.entity.mapper.AZaikoMapper">
  <resultMap id="BaseResultMap" type="ja.zenchu.assenhin.entity.AZaiko">
    <!--
      WARNING - @mbg.generated
      This element is automatically generated by MyBatis Generator, do not modify.
      This element was generated on Mon Oct 19 15:53:21 JST 2020.
    -->
    <id column="ASSENHIN_CD" jdbcType="NUMERIC" property="assenhinCd" />
    <id column="HANSUU" jdbcType="NUMERIC" property="hansuu" />
    <result column="ZAIKOSUU" jdbcType="NUMERIC" property="zaikosuu" />
    <result column="HATTYUGO_ZAIKOSUU" jdbcType="NUMERIC" property="hattyugoZaikosuu" />
    <result column="KOUSHINBI" jdbcType="TIMESTAMP" property="koushinbi" />
    <result column="VERSION" jdbcType="NUMERIC" property="version" />
  </resultMap>
  <sql id="Base_Column_List">
    <!--
      WARNING - @mbg.generated
      This element is automatically generated by MyBatis Generator, do not modify.
      This element was generated on Mon Oct 19 15:53:21 JST 2020.
    -->
    ASSENHIN_CD, HANSUU, ZAIKOSUU, HATTYUGO_ZAIKOSUU, KOUSHINBI, VERSION
  </sql>
  <select id="selectByPrimaryKey" parameterType="ja.zenchu.assenhin.entity.AZaikoKey" resultMap="BaseResultMap">
    <!--
      WARNING - @mbg.generated
      This element is automatically generated by MyBatis Generator, do not modify.
      This element was generated on Mon Oct 19 15:53:21 JST 2020.
    -->
    select 
    <include refid="Base_Column_List" />
    from A_ZAIKO
    where ASSENHIN_CD = #{assenhinCd,jdbcType=NUMERIC}
      and HANSUU = #{hansuu,jdbcType=NUMERIC}
  </select>
  <delete id="deleteByPrimaryKey" parameterType="ja.zenchu.assenhin.entity.AZaikoKey">
    <!--
      WARNING - @mbg.generated
      This element is automatically generated by MyBatis Generator, do not modify.
      This element was generated on Mon Oct 19 15:53:21 JST 2020.
    -->
    delete from A_ZAIKO
    where ASSENHIN_CD = #{assenhinCd,jdbcType=NUMERIC}
      and HANSUU = #{hansuu,jdbcType=NUMERIC}
  </delete>
  <insert id="insert" parameterType="ja.zenchu.assenhin.entity.AZaiko">
    <!--
      WARNING - @mbg.generated
      This element is automatically generated by MyBatis Generator, do not modify.
      This element was generated on Mon Oct 19 15:53:21 JST 2020.
    -->
    insert into A_ZAIKO (ASSENHIN_CD, HANSUU, ZAIKOSUU, 
      HATTYUGO_ZAIKOSUU, KOUSHINBI, VERSION
      )
    values (#{assenhinCd,jdbcType=NUMERIC}, #{hansuu,jdbcType=NUMERIC}, #{zaikosuu,jdbcType=NUMERIC}, 
      #{hattyugoZaikosuu,jdbcType=NUMERIC}, #{koushinbi,jdbcType=TIMESTAMP}, #{version,jdbcType=NUMERIC}
      )
  </insert>
  <insert id="insertSelective" parameterType="ja.zenchu.assenhin.entity.AZaiko">
    <!--
      WARNING - @mbg.generated
      This element is automatically generated by MyBatis Generator, do not modify.
      This element was generated on Mon Oct 19 15:53:21 JST 2020.
    -->
    insert into A_ZAIKO
    <trim prefix="(" suffix=")" suffixOverrides=",">
      <if test="assenhinCd != null">
        ASSENHIN_CD,
      </if>
      <if test="hansuu != null">
        HANSUU,
      </if>
      <if test="zaikosuu != null">
        ZAIKOSUU,
      </if>
      <if test="hattyugoZaikosuu != null">
        HATTYUGO_ZAIKOSUU,
      </if>
      <if test="koushinbi != null">
        KOUSHINBI,
      </if>
      <if test="version != null">
        VERSION,
      </if>
    </trim>
    <trim prefix="values (" suffix=")" suffixOverrides=",">
      <if test="assenhinCd != null">
        #{assenhinCd,jdbcType=NUMERIC},
      </if>
      <if test="hansuu != null">
        #{hansuu,jdbcType=NUMERIC},
      </if>
      <if test="zaikosuu != null">
        #{zaikosuu,jdbcType=NUMERIC},
      </if>
      <if test="hattyugoZaikosuu != null">
        #{hattyugoZaikosuu,jdbcType=NUMERIC},
      </if>
      <if test="koushinbi != null">
        #{koushinbi,jdbcType=TIMESTAMP},
      </if>
      <if test="version != null">
        #{version,jdbcType=NUMERIC},
      </if>
    </trim>
  </insert>
  <update id="updateByPrimaryKeySelective" parameterType="ja.zenchu.assenhin.entity.AZaiko">
    <!--
      WARNING - @mbg.generated
      This element is automatically generated by MyBatis Generator, do not modify.
      This element was generated on Mon Oct 19 15:53:21 JST 2020.
    -->
    update A_ZAIKO
    <set>
      <if test="zaikosuu != null">
        ZAIKOSUU = #{zaikosuu,jdbcType=NUMERIC},
      </if>
      <if test="hattyugoZaikosuu != null">
        HATTYUGO_ZAIKOSUU = #{hattyugoZaikosuu,jdbcType=NUMERIC},
      </if>
      <if test="koushinbi != null">
        KOUSHINBI = #{koushinbi,jdbcType=TIMESTAMP},
      </if>
      <if test="version != null">
        VERSION = #{version,jdbcType=NUMERIC},
      </if>
    </set>
    where ASSENHIN_CD = #{assenhinCd,jdbcType=NUMERIC}
      and HANSUU = #{hansuu,jdbcType=NUMERIC}
  </update>
  <update id="updateByPrimaryKey" parameterType="ja.zenchu.assenhin.entity.AZaiko">
    <!--
      WARNING - @mbg.generated
      This element is automatically generated by MyBatis Generator, do not modify.
      This element was generated on Mon Oct 19 15:53:21 JST 2020.
    -->
    update A_ZAIKO
    set ZAIKOSUU = #{zaikosuu,jdbcType=NUMERIC},
      HATTYUGO_ZAIKOSUU = #{hattyugoZaikosuu,jdbcType=NUMERIC},
      KOUSHINBI = #{koushinbi,jdbcType=TIMESTAMP},
      VERSION = #{version,jdbcType=NUMERIC}
    where ASSENHIN_CD = #{assenhinCd,jdbcType=NUMERIC}
      and HANSUU = #{hansuu,jdbcType=NUMERIC}
  </update>
  <update id="updateHattyugoZaikosuu" parameterType="ja.zenchu.assenhin.entity.AZaiko">
    update A_ZAIKO
    set HATTYUGO_ZAIKOSUU = #{hattyugoZaikosuu,jdbcType=NUMERIC},
      KOUSHINBI = #{koushinbi,jdbcType=TIMESTAMP},
      VERSION = #{version,jdbcType=NUMERIC} + 1
    where ASSENHIN_CD = #{assenhinCd,jdbcType=NUMERIC}
      and HANSUU = #{hansuu,jdbcType=NUMERIC}
      and VERSION = #{version,jdbcType=NUMERIC}
  </update>
  <select id="getZaikoSuu" resultType="int">
    select 
    HATTYUGO_ZAIKOSUU
    from A_ZAIKO
    where ASSENHIN_CD = #{assenhinCd,jdbcType=NUMERIC}
      and HANSUU = #{hansuu,jdbcType=NUMERIC}
  </select>
</mapper>