<?xml version="1.0" encoding="UTF-8"?>
<!DOCTYPE mapper PUBLIC "-//mybatis.org//DTD Mapper 3.0//EN" "http://mybatis.org/dtd/mybatis-3-mapper.dtd">
<mapper namespace="ja.zenchu.assenhin.entity.mapper.MSystemInfoMapper">
  <resultMap id="BaseResultMap" type="ja.zenchu.assenhin.entity.MSystemInfo">
    <!--
      WARNING - @mbg.generated
      This element is automatically generated by MyBatis Generator, do not modify.
      This element was generated on Mon Oct 19 14:53:24 JST 2020.
    -->
    <id column="SYSTEM_ID" jdbcType="NUMERIC" property="systemId" />
    <result column="SYSTEM_NAME" jdbcType="VARCHAR" property="systemName" />
    <result column="KADOU_FLAG" jdbcType="NUMERIC" property="kadouFlag" />
    <result column="DELETE_FLAG" jdbcType="NUMERIC" property="deleteFlag" />
    <result column="KAISHI_JIKAN" jdbcType="TIMESTAMP" property="kaishiJikan" />
    <result column="SYURYO_JIKAN" jdbcType="TIMESTAMP" property="syuryoJikan" />
    <result column="TEKIYO_KAISHIBI" jdbcType="TIMESTAMP" property="tekiyoKaishibi" />
    <result column="TEKIYO_SYURYOBI" jdbcType="TIMESTAMP" property="tekiyoSyuryobi" />
    <result column="CHECKED" jdbcType="NUMERIC" property="checked" />
    <result column="KOUSHIN_NICHIJI" jdbcType="TIMESTAMP" property="koushinNichiji" />
    <result column="KOUSHINSHA_CD" jdbcType="NUMERIC" property="koushinshaCd" />
    <result column="VERSION" jdbcType="NUMERIC" property="version" />
  </resultMap>
  <sql id="Base_Column_List">
    <!--
      WARNING - @mbg.generated
      This element is automatically generated by MyBatis Generator, do not modify.
      This element was generated on Mon Oct 19 14:53:24 JST 2020.
    -->
    SYSTEM_ID, SYSTEM_NAME, KADOU_FLAG, DELETE_FLAG, KAISHI_JIKAN, SYURYO_JIKAN, TEKIYO_KAISHIBI, 
    TEKIYO_SYURYOBI, CHECKED, KOUSHIN_NICHIJI, KOUSHINSHA_CD, VERSION
  </sql>
  <select id="selectByPrimaryKey" parameterType="java.lang.Short" resultMap="BaseResultMap">
    <!--
      WARNING - @mbg.generated
      This element is automatically generated by MyBatis Generator, do not modify.
      This element was generated on Mon Oct 19 14:53:24 JST 2020.
    -->
    select 
    <include refid="Base_Column_List" />
    from M_SYSTEM_INFO
    where SYSTEM_ID = #{systemId,jdbcType=NUMERIC}
  </select>
  <delete id="deleteByPrimaryKey" parameterType="java.lang.Short">
    <!--
      WARNING - @mbg.generated
      This element is automatically generated by MyBatis Generator, do not modify.
      This element was generated on Mon Oct 19 14:53:24 JST 2020.
    -->
    delete from M_SYSTEM_INFO
    where SYSTEM_ID = #{systemId,jdbcType=NUMERIC}
  </delete>
  <insert id="insert" parameterType="ja.zenchu.assenhin.entity.MSystemInfo">
    <!--
      WARNING - @mbg.generated
      This element is automatically generated by MyBatis Generator, do not modify.
      This element was generated on Mon Oct 19 14:53:24 JST 2020.
    -->
    insert into M_SYSTEM_INFO (SYSTEM_ID, SYSTEM_NAME, KADOU_FLAG, 
      DELETE_FLAG, KAISHI_JIKAN, SYURYO_JIKAN, 
      TEKIYO_KAISHIBI, TEKIYO_SYURYOBI, CHECKED, 
      KOUSHIN_NICHIJI, KOUSHINSHA_CD, VERSION
      )
    values (#{systemId,jdbcType=NUMERIC}, #{systemName,jdbcType=VARCHAR}, #{kadouFlag,jdbcType=NUMERIC}, 
      #{deleteFlag,jdbcType=NUMERIC}, #{kaishiJikan,jdbcType=TIMESTAMP}, #{syuryoJikan,jdbcType=TIMESTAMP}, 
      #{tekiyoKaishibi,jdbcType=TIMESTAMP}, #{tekiyoSyuryobi,jdbcType=TIMESTAMP}, #{checked,jdbcType=NUMERIC}, 
      #{koushinNichiji,jdbcType=TIMESTAMP}, #{koushinshaCd,jdbcType=NUMERIC}, #{version,jdbcType=NUMERIC}
      )
  </insert>
  <insert id="insertSelective" parameterType="ja.zenchu.assenhin.entity.MSystemInfo">
    <!--
      WARNING - @mbg.generated
      This element is automatically generated by MyBatis Generator, do not modify.
      This element was generated on Mon Oct 19 14:53:24 JST 2020.
    -->
    insert into M_SYSTEM_INFO
    <trim prefix="(" suffix=")" suffixOverrides=",">
      <if test="systemId != null">
        SYSTEM_ID,
      </if>
      <if test="systemName != null">
        SYSTEM_NAME,
      </if>
      <if test="kadouFlag != null">
        KADOU_FLAG,
      </if>
      <if test="deleteFlag != null">
        DELETE_FLAG,
      </if>
      <if test="kaishiJikan != null">
        KAISHI_JIKAN,
      </if>
      <if test="syuryoJikan != null">
        SYURYO_JIKAN,
      </if>
      <if test="tekiyoKaishibi != null">
        TEKIYO_KAISHIBI,
      </if>
      <if test="tekiyoSyuryobi != null">
        TEKIYO_SYURYOBI,
      </if>
      <if test="checked != null">
        CHECKED,
      </if>
      <if test="koushinNichiji != null">
        KOUSHIN_NICHIJI,
      </if>
      <if test="koushinshaCd != null">
        KOUSHINSHA_CD,
      </if>
      <if test="version != null">
        VERSION,
      </if>
    </trim>
    <trim prefix="values (" suffix=")" suffixOverrides=",">
      <if test="systemId != null">
        #{systemId,jdbcType=NUMERIC},
      </if>
      <if test="systemName != null">
        #{systemName,jdbcType=VARCHAR},
      </if>
      <if test="kadouFlag != null">
        #{kadouFlag,jdbcType=NUMERIC},
      </if>
      <if test="deleteFlag != null">
        #{deleteFlag,jdbcType=NUMERIC},
      </if>
      <if test="kaishiJikan != null">
        #{kaishiJikan,jdbcType=TIMESTAMP},
      </if>
      <if test="syuryoJikan != null">
        #{syuryoJikan,jdbcType=TIMESTAMP},
      </if>
      <if test="tekiyoKaishibi != null">
        #{tekiyoKaishibi,jdbcType=TIMESTAMP},
      </if>
      <if test="tekiyoSyuryobi != null">
        #{tekiyoSyuryobi,jdbcType=TIMESTAMP},
      </if>
      <if test="checked != null">
        #{checked,jdbcType=NUMERIC},
      </if>
      <if test="koushinNichiji != null">
        #{koushinNichiji,jdbcType=TIMESTAMP},
      </if>
      <if test="koushinshaCd != null">
        #{koushinshaCd,jdbcType=NUMERIC},
      </if>
      <if test="version != null">
        #{version,jdbcType=NUMERIC},
      </if>
    </trim>
  </insert>
  <update id="updateByPrimaryKeySelective" parameterType="ja.zenchu.assenhin.entity.MSystemInfo">
    <!--
      WARNING - @mbg.generated
      This element is automatically generated by MyBatis Generator, do not modify.
      This element was generated on Mon Oct 19 14:53:24 JST 2020.
    -->
    update M_SYSTEM_INFO
    <set>
      <if test="systemName != null">
        SYSTEM_NAME = #{systemName,jdbcType=VARCHAR},
      </if>
      <if test="kadouFlag != null">
        KADOU_FLAG = #{kadouFlag,jdbcType=NUMERIC},
      </if>
      <if test="deleteFlag != null">
        DELETE_FLAG = #{deleteFlag,jdbcType=NUMERIC},
      </if>
      <if test="kaishiJikan != null">
        KAISHI_JIKAN = #{kaishiJikan,jdbcType=TIMESTAMP},
      </if>
      <if test="syuryoJikan != null">
        SYURYO_JIKAN = #{syuryoJikan,jdbcType=TIMESTAMP},
      </if>
      <if test="tekiyoKaishibi != null">
        TEKIYO_KAISHIBI = #{tekiyoKaishibi,jdbcType=TIMESTAMP},
      </if>
      <if test="tekiyoSyuryobi != null">
        TEKIYO_SYURYOBI = #{tekiyoSyuryobi,jdbcType=TIMESTAMP},
      </if>
      <if test="checked != null">
        CHECKED = #{checked,jdbcType=NUMERIC},
      </if>
      <if test="koushinNichiji != null">
        KOUSHIN_NICHIJI = #{koushinNichiji,jdbcType=TIMESTAMP},
      </if>
      <if test="koushinshaCd != null">
        KOUSHINSHA_CD = #{koushinshaCd,jdbcType=NUMERIC},
      </if>
      <if test="version != null">
        VERSION = #{version,jdbcType=NUMERIC},
      </if>
    </set>
    where SYSTEM_ID = #{systemId,jdbcType=NUMERIC}
  </update>
  <update id="updateByPrimaryKey" parameterType="ja.zenchu.assenhin.entity.MSystemInfo">
    <!--
      WARNING - @mbg.generated
      This element is automatically generated by MyBatis Generator, do not modify.
      This element was generated on Mon Oct 19 14:53:24 JST 2020.
    -->
    update M_SYSTEM_INFO
    set SYSTEM_NAME = #{systemName,jdbcType=VARCHAR},
      KADOU_FLAG = #{kadouFlag,jdbcType=NUMERIC},
      DELETE_FLAG = #{deleteFlag,jdbcType=NUMERIC},
      KAISHI_JIKAN = #{kaishiJikan,jdbcType=TIMESTAMP},
      SYURYO_JIKAN = #{syuryoJikan,jdbcType=TIMESTAMP},
      TEKIYO_KAISHIBI = #{tekiyoKaishibi,jdbcType=TIMESTAMP},
      TEKIYO_SYURYOBI = #{tekiyoSyuryobi,jdbcType=TIMESTAMP},
      CHECKED = #{checked,jdbcType=NUMERIC},
      KOUSHIN_NICHIJI = #{koushinNichiji,jdbcType=TIMESTAMP},
      KOUSHINSHA_CD = #{koushinshaCd,jdbcType=NUMERIC},
      VERSION = #{version,jdbcType=NUMERIC}
    where SYSTEM_ID = #{systemId,jdbcType=NUMERIC}
  </update>
    <select id="getKadouFlag" resultType="int">
    select m.KADOU_FLAG from m_system_info m where m.SYSTEM_ID = 2 and m.delete_flag = 0
  </select>
</mapper>