<?xml version="1.0" encoding="UTF-8"?>
<!DOCTYPE mapper PUBLIC "-//mybatis.org//DTD Mapper 3.0//EN" "http://mybatis.org/dtd/mybatis-3-mapper.dtd">
<mapper namespace="ja.zenchu.assenhin.entity.mapper.MSystemUserMapper">
  <resultMap id="BaseResultMap" type="ja.zenchu.assenhin.entity.MSystemUser">
    <!--
      WARNING - @mbg.generated
      This element is automatically generated by MyBatis Generator, do not modify.
      This element was generated on Mon Oct 19 14:53:01 JST 2020.
    -->
    <id column="TORIHIKISAKI_CD" jdbcType="NUMERIC" property="torihikisakiCd" />
    <id column="SYSTEM_ID" jdbcType="NUMERIC" property="systemId" />
    <id column="SEQ" jdbcType="NUMERIC" property="seq" />
    <result column="USER_ID" jdbcType="VARCHAR" property="userId" />
    <result column="PASSWORD" jdbcType="VARCHAR" property="password" />
    <result column="USER_NAME" jdbcType="VARCHAR" property="userName" />
    <result column="MAIL_ADDRESS" jdbcType="VARCHAR" property="mailAddress" />
    <result column="RIYO_CLS" jdbcType="NUMERIC" property="riyoCls" />
    <result column="KENGEN" jdbcType="NUMERIC" property="kengen" />
    <result column="BIKOU" jdbcType="VARCHAR" property="bikou" />
    <result column="DELETE_FLAG" jdbcType="NUMERIC" property="deleteFlag" />
    <result column="TEKIYO_KAISHIBI" jdbcType="TIMESTAMP" property="tekiyoKaishibi" />
    <result column="TEKIYO_SYURYOBI" jdbcType="TIMESTAMP" property="tekiyoSyuryobi" />
    <result column="CHECKED" jdbcType="NUMERIC" property="checked" />
    <result column="KOUSHIN_NICHIJI" jdbcType="TIMESTAMP" property="koushinNichiji" />
    <result column="KOUSHINSHA_CD" jdbcType="NUMERIC" property="koushinshaCd" />
    <result column="VERSION" jdbcType="NUMERIC" property="version" />
  </resultMap>
  <sql id="Base_Column_List">
    <!--
      WARNING - @mbg.generated
      This element is automatically generated by MyBatis Generator, do not modify.
      This element was generated on Mon Oct 19 14:53:01 JST 2020.
    -->
    TORIHIKISAKI_CD, SYSTEM_ID, SEQ, USER_ID, PASSWORD, USER_NAME, MAIL_ADDRESS, RIYO_CLS, 
    KENGEN, BIKOU, DELETE_FLAG, TEKIYO_KAISHIBI, TEKIYO_SYURYOBI, CHECKED, KOUSHIN_NICHIJI, 
    KOUSHINSHA_CD, VERSION
  </sql>
  <select id="selectByPrimaryKey" parameterType="ja.zenchu.assenhin.entity.MSystemUserKey" resultMap="BaseResultMap">
    <!--
      WARNING - @mbg.generated
      This element is automatically generated by MyBatis Generator, do not modify.
      This element was generated on Mon Oct 19 14:53:01 JST 2020.
    -->
    select 
    <include refid="Base_Column_List" />
    from M_SYSTEM_USER
    where TORIHIKISAKI_CD = #{torihikisakiCd,jdbcType=NUMERIC}
      and SYSTEM_ID = #{systemId,jdbcType=NUMERIC}
      and SEQ = #{seq,jdbcType=NUMERIC}
  </select>
  <delete id="deleteByPrimaryKey" parameterType="ja.zenchu.assenhin.entity.MSystemUserKey">
    <!--
      WARNING - @mbg.generated
      This element is automatically generated by MyBatis Generator, do not modify.
      This element was generated on Mon Oct 19 14:53:01 JST 2020.
    -->
    delete from M_SYSTEM_USER
    where TORIHIKISAKI_CD = #{torihikisakiCd,jdbcType=NUMERIC}
      and SYSTEM_ID = #{systemId,jdbcType=NUMERIC}
      and SEQ = #{seq,jdbcType=NUMERIC}
  </delete>
  <insert id="insert" parameterType="ja.zenchu.assenhin.entity.MSystemUser">
    <!--
      WARNING - @mbg.generated
      This element is automatically generated by MyBatis Generator, do not modify.
      This element was generated on Mon Oct 19 14:53:01 JST 2020.
    -->
    insert into M_SYSTEM_USER (TORIHIKISAKI_CD, SYSTEM_ID, SEQ, 
      USER_ID, PASSWORD, USER_NAME, 
      MAIL_ADDRESS, RIYO_CLS, KENGEN, 
      BIKOU, DELETE_FLAG, TEKIYO_KAISHIBI, 
      TEKIYO_SYURYOBI, CHECKED, KOUSHIN_NICHIJI, 
      KOUSHINSHA_CD, VERSION)
    values (#{torihikisakiCd,jdbcType=NUMERIC}, #{systemId,jdbcType=NUMERIC}, #{seq,jdbcType=NUMERIC}, 
      #{userId,jdbcType=VARCHAR}, #{password,jdbcType=VARCHAR}, #{userName,jdbcType=VARCHAR}, 
      #{mailAddress,jdbcType=VARCHAR}, #{riyoCls,jdbcType=NUMERIC}, #{kengen,jdbcType=NUMERIC}, 
      #{bikou,jdbcType=VARCHAR}, #{deleteFlag,jdbcType=NUMERIC}, #{tekiyoKaishibi,jdbcType=TIMESTAMP}, 
      #{tekiyoSyuryobi,jdbcType=TIMESTAMP}, #{checked,jdbcType=NUMERIC}, #{koushinNichiji,jdbcType=TIMESTAMP}, 
      #{koushinshaCd,jdbcType=NUMERIC}, #{version,jdbcType=NUMERIC})
  </insert>
  <insert id="insertSelective" parameterType="ja.zenchu.assenhin.entity.MSystemUser">
    <!--
      WARNING - @mbg.generated
      This element is automatically generated by MyBatis Generator, do not modify.
      This element was generated on Mon Oct 19 14:53:01 JST 2020.
    -->
    insert into M_SYSTEM_USER
    <trim prefix="(" suffix=")" suffixOverrides=",">
      <if test="torihikisakiCd != null">
        TORIHIKISAKI_CD,
      </if>
      <if test="systemId != null">
        SYSTEM_ID,
      </if>
      <if test="seq != null">
        SEQ,
      </if>
      <if test="userId != null">
        USER_ID,
      </if>
      <if test="password != null">
        PASSWORD,
      </if>
      <if test="userName != null">
        USER_NAME,
      </if>
      <if test="mailAddress != null">
        MAIL_ADDRESS,
      </if>
      <if test="riyoCls != null">
        RIYO_CLS,
      </if>
      <if test="kengen != null">
        KENGEN,
      </if>
      <if test="bikou != null">
        BIKOU,
      </if>
      <if test="deleteFlag != null">
        DELETE_FLAG,
      </if>
      <if test="tekiyoKaishibi != null">
        TEKIYO_KAISHIBI,
      </if>
      <if test="tekiyoSyuryobi != null">
        TEKIYO_SYURYOBI,
      </if>
      <if test="checked != null">
        CHECKED,
      </if>
      <if test="koushinNichiji != null">
        KOUSHIN_NICHIJI,
      </if>
      <if test="koushinshaCd != null">
        KOUSHINSHA_CD,
      </if>
      <if test="version != null">
        VERSION,
      </if>
    </trim>
    <trim prefix="values (" suffix=")" suffixOverrides=",">
      <if test="torihikisakiCd != null">
        #{torihikisakiCd,jdbcType=NUMERIC},
      </if>
      <if test="systemId != null">
        #{systemId,jdbcType=NUMERIC},
      </if>
      <if test="seq != null">
        #{seq,jdbcType=NUMERIC},
      </if>
      <if test="userId != null">
        #{userId,jdbcType=VARCHAR},
      </if>
      <if test="password != null">
        #{password,jdbcType=VARCHAR},
      </if>
      <if test="userName != null">
        #{userName,jdbcType=VARCHAR},
      </if>
      <if test="mailAddress != null">
        #{mailAddress,jdbcType=VARCHAR},
      </if>
      <if test="riyoCls != null">
        #{riyoCls,jdbcType=NUMERIC},
      </if>
      <if test="kengen != null">
        #{kengen,jdbcType=NUMERIC},
      </if>
      <if test="bikou != null">
        #{bikou,jdbcType=VARCHAR},
      </if>
      <if test="deleteFlag != null">
        #{deleteFlag,jdbcType=NUMERIC},
      </if>
      <if test="tekiyoKaishibi != null">
        #{tekiyoKaishibi,jdbcType=TIMESTAMP},
      </if>
      <if test="tekiyoSyuryobi != null">
        #{tekiyoSyuryobi,jdbcType=TIMESTAMP},
      </if>
      <if test="checked != null">
        #{checked,jdbcType=NUMERIC},
      </if>
      <if test="koushinNichiji != null">
        #{koushinNichiji,jdbcType=TIMESTAMP},
      </if>
      <if test="koushinshaCd != null">
        #{koushinshaCd,jdbcType=NUMERIC},
      </if>
      <if test="version != null">
        #{version,jdbcType=NUMERIC},
      </if>
    </trim>
  </insert>
  <update id="updateByPrimaryKeySelective" parameterType="ja.zenchu.assenhin.entity.MSystemUser">
    <!--
      WARNING - @mbg.generated
      This element is automatically generated by MyBatis Generator, do not modify.
      This element was generated on Mon Oct 19 14:53:01 JST 2020.
    -->
    update M_SYSTEM_USER
    <set>
      <if test="userId != null">
        USER_ID = #{userId,jdbcType=VARCHAR},
      </if>
      <if test="password != null">
        PASSWORD = #{password,jdbcType=VARCHAR},
      </if>
      <if test="userName != null">
        USER_NAME = #{userName,jdbcType=VARCHAR},
      </if>
      <if test="mailAddress != null">
        MAIL_ADDRESS = #{mailAddress,jdbcType=VARCHAR},
      </if>
      <if test="riyoCls != null">
        RIYO_CLS = #{riyoCls,jdbcType=NUMERIC},
      </if>
      <if test="kengen != null">
        KENGEN = #{kengen,jdbcType=NUMERIC},
      </if>
      <if test="bikou != null">
        BIKOU = #{bikou,jdbcType=VARCHAR},
      </if>
      <if test="deleteFlag != null">
        DELETE_FLAG = #{deleteFlag,jdbcType=NUMERIC},
      </if>
      <if test="tekiyoKaishibi != null">
        TEKIYO_KAISHIBI = #{tekiyoKaishibi,jdbcType=TIMESTAMP},
      </if>
      <if test="tekiyoSyuryobi != null">
        TEKIYO_SYURYOBI = #{tekiyoSyuryobi,jdbcType=TIMESTAMP},
      </if>
      <if test="checked != null">
        CHECKED = #{checked,jdbcType=NUMERIC},
      </if>
      <if test="koushinNichiji != null">
        KOUSHIN_NICHIJI = #{koushinNichiji,jdbcType=TIMESTAMP},
      </if>
      <if test="koushinshaCd != null">
        KOUSHINSHA_CD = #{koushinshaCd,jdbcType=NUMERIC},
      </if>
      <if test="version != null">
        VERSION = #{version,jdbcType=NUMERIC},
      </if>
    </set>
    where TORIHIKISAKI_CD = #{torihikisakiCd,jdbcType=NUMERIC}
      and SYSTEM_ID = #{systemId,jdbcType=NUMERIC}
      and SEQ = #{seq,jdbcType=NUMERIC}
  </update>
  <update id="updateByPrimaryKey" parameterType="ja.zenchu.assenhin.entity.MSystemUser">
    <!--
      WARNING - @mbg.generated
      This element is automatically generated by MyBatis Generator, do not modify.
      This element was generated on Mon Oct 19 14:53:01 JST 2020.
    -->
    update M_SYSTEM_USER
    set USER_ID = #{userId,jdbcType=VARCHAR},
      PASSWORD = #{password,jdbcType=VARCHAR},
      USER_NAME = #{userName,jdbcType=VARCHAR},
      MAIL_ADDRESS = #{mailAddress,jdbcType=VARCHAR},
      RIYO_CLS = #{riyoCls,jdbcType=NUMERIC},
      KENGEN = #{kengen,jdbcType=NUMERIC},
      BIKOU = #{bikou,jdbcType=VARCHAR},
      DELETE_FLAG = #{deleteFlag,jdbcType=NUMERIC},
      TEKIYO_KAISHIBI = #{tekiyoKaishibi,jdbcType=TIMESTAMP},
      TEKIYO_SYURYOBI = #{tekiyoSyuryobi,jdbcType=TIMESTAMP},
      CHECKED = #{checked,jdbcType=NUMERIC},
      KOUSHIN_NICHIJI = #{koushinNichiji,jdbcType=TIMESTAMP},
      KOUSHINSHA_CD = #{koushinshaCd,jdbcType=NUMERIC},
      VERSION = #{version,jdbcType=NUMERIC}
    where TORIHIKISAKI_CD = #{torihikisakiCd,jdbcType=NUMERIC}
      and SYSTEM_ID = #{systemId,jdbcType=NUMERIC}
      and SEQ = #{seq,jdbcType=NUMERIC}
  </update>
  <resultMap id="findUser"  type="ja.zenchu.assenhin.dto.LoginUserDto">
    <result column="TORIHIKISAKI_CD" jdbcType="DECIMAL" property="torihikisakiCd" />
    <result column="USER_ID" jdbcType="VARCHAR" property="userId" />
    <result column="SYSTEM_ID" jdbcType="DECIMAL" property="systemId" />
    <result column="PASSWORD" jdbcType="VARCHAR" property="password" />
    <result column="TORIHIKISAKI_NAME" jdbcType="VARCHAR" property="torihikisakiName" />
    <result column="KEN_CD" jdbcType="DECIMAL" property="kenCd" />
    <result column="RIYO_CLS" jdbcType="DECIMAL" property="riyoCls" />
  </resultMap>
  <select id="selectUser" resultMap="findUser">
  <![CDATA[  SELECT a.torihikisaki_cd, a.SYSTEM_ID, a.USER_ID, b.TORIHIKISAKI_NAME, F_DECRYPT_PWD(a.PASSWORD) as password, b.ken_cd, a.RIYO_CLS
	FROM M_system_user a left join M_TORIHIKISAKI b on a.TORIHIKISAKI_CD = b.TORIHIKISAKI_CD WHERE a.SYSTEM_ID = 2 and a.USER_ID = #{userId, jdbcType=VARCHAR}
        and a.riyo_cls <> 99 and a.delete_flag = 0 and trunc(a.tekiyo_kaishibi,'DD') <= trunc(#{date, jdbcType=TIMESTAMP},'DD') and trunc(a.tekiyo_syuryobi,'DD') >= trunc(#{date, jdbcType=TIMESTAMP},'DD')
    UNION (SELECT m1.torihikisaki_cd, m1.system_id, m1.user_id, m3.TORIHIKISAKI_NAME, F_DECRYPT_PWD(m1.PASSWORD) as password, m3.ken_cd, m2.RIYO_CLS
        FROM M_system_user m1 inner join M_system_user m2 on m1.torihikisaki_cd = m2.torihikisaki_cd
        and m1.system_id = 0 and m2.system_id = 2 and m2.user_id is null 
        and m2.riyo_cls <> 99 and m1.delete_flag = 0 and  trunc(m1.tekiyo_kaishibi,'DD') <= trunc(#{date, jdbcType=TIMESTAMP},'DD') and trunc(m1.tekiyo_syuryobi,'DD') >= trunc(#{date, jdbcType=TIMESTAMP},'DD')
        and m2.delete_flag = 0 and trunc(m2.tekiyo_kaishibi,'DD') <= trunc(#{date, jdbcType=TIMESTAMP},'DD') and trunc(m2.tekiyo_syuryobi,'DD') >= trunc(#{date, jdbcType=TIMESTAMP},'DD')
        inner join M_TORIHIKISAKI m3 on m1.TORIHIKISAKI_CD = m3.torihikisaki_cd where m1.user_id = #{userId, jdbcType=VARCHAR}
        and m3.DELETE_FLAG = 0 and trunc(m3.TEKIYO_KAISHIBI,'DD') <= trunc(#{date, jdbcType=TIMESTAMP},'DD') and trunc(m3.TEKIYO_SYURYOBI,'DD') >= trunc(#{date, jdbcType=TIMESTAMP},'DD')) order by system_id desc ]]>
  </select> 
</mapper>